"Nome do conjunto de anúncios",Dia,"Status de veiculação","Nível de veiculação","Configuração de atribuição","Tipo de resultado",Resultados,Alcance,Frequência,"Custo por resultado","Valor gasto (BRL)","Classificação de qualidade","Classificação da taxa de engajamento","Classificação da taxa de conversão",Impressões,"CPM (custo por 1.000 impressões)","Cliques no link","Cliques na loja","CPC (custo por clique no link)","CTR (taxa de cliques no link)","Cliques (todos)","CTR (todos)","CPC (todos)","Visualizações da página de destino","Custo por visualização da página de destino","Taxa de impressões para reproduções de vídeo por 3 segundos","Body Rate","Cliques para abrir a experiência instantânea","Cliques para iniciar a experiência instantânea","Cliques de saída da experiência instantânea",Leads,Contatos,"Novos contatos de mensagem","Conversas por mensagem iniciadas","Seguidores no Instagram","Início dos relatórios","Encerramento dos relatórios","Resultados (iniciais)"
"Aberto - Lins 17km [18+][H-M] — V3",2026-10-01,active,adset,"Clique de 7 dias ou visualização de 1 dia","Conversas por mensagem iniciadas",1,85,1.30588235,1.71,1.71,–,–,–,111,15.40540541,2,0,0.855,1.8018018,3,2.7027027,0.57,,,0.09009009,0.5,,,,,,1,1,0,2026-10-01,2026-10-01,
"LINS 17 KM | H-M | 18+",2026-10-01,active,adset,"Clique de 7 dias ou visualização de 1 dia","Conversas por mensagem iniciadas",1,193,1.21761658,5.4,5.4,–,–,–,235,22.9787234,1,0,5.4,0.42553191,7,2.9787234,0.77142857,,,0.24255319,0.48484848,,,,,,1,1,0,2026-10-01,2026-10-01,
"Natação | Lins 17 KM | 18 + | Homens e Mulheres",2026-10-01,active,adset,"Clique de 7 dias ou visualização de 1 dia","Leads (formulário)",1,928,1.13038793,16.86,16.86,–,–,–,1049,16.07244995,10,0,1.686,0.95328885,18,1.71591992,0.93666667,,,0.29647283,0.25675676,,,,1,,,,0,2026-10-01,2026-10-01,
"Personal | Lins 17 KM | 18+ a 55 | Homens e Mulheres",2026-10-01,active,adset,"Clique de 7 dias ou visualização de 1 dia","Leads (formulário)",3,1256,1.28025478,11.76666667,35.3,–,–,–,1608,21.95273632,28,0,1.26071429,1.74129353,39,2.42537313,0.90512821,,,0.31156716,0.31428571,,,,3,,1,3,0,2026-10-01,2026-10-01,
"[LINS 17KM] [H-M]",2026-10-01,active,adset,"Clique de 1 dia","Visitas ao perfil do Instagram",1,130,1.08461538,1.99,1.99,–,–,–,141,14.11347518,2,0,0.995,1.41843972,1,0.70921986,1.99,,,0.30496454,0.4,,,,,,,,0,2026-10-01,2026-10-01,
"Aberto - Lins 17km [18+][H-M] — V3",2026-09-30,active,adset,"Clique de 7 dias ou visualização de 1 dia",,,624,1.29487179,,10.81,–,–,–,808,13.37871287,4,0,2.7025,0.4950495,11,1.36138614,0.98272727,,,0.15346535,0.45783133,,,,,,,,0,2026-09-30,2026-09-30,
"LINS 17 KM | H-M | 18+",2026-09-30,active,adset,"Clique de 7 dias ou visualização de 1 dia","Conversas por mensagem iniciadas",9,1518,1.2687747,4.92333333,44.31,–,–,–,1926,23.00623053,24,0,1.84625,1.24610592,58,3.01142264,0.76396552,,,0.25597092,0.41949153,,,,,,7,9,1,2026-09-30,2026-09-30,
"Natação | Lins 17 KM | 18 + | Homens e Mulheres",2026-09-30,active,adset,"Clique de 7 dias ou visualização de 1 dia","Leads (formulário)",2,2824,1.23477337,21.05,42.1,–,–,–,3487,12.07341554,36,0,1.16944444,1.03240608,63,1.80671064,0.66825397,,,0.26240321,0.2764977,,,,2,,2,3,1,2026-09-30,2026-09-30,
"Personal | Lins 17 KM | 18+ a 55 | Homens e Mulheres",2026-09-30,active,adset,"Clique de 7 dias ou visualização de 1 dia","Leads (formulário)",11,2756,1.38461538,7.03545455,77.39,–,–,–,3816,20.28039832,73,0,1.06013699,1.9129979,123,3.22327044,0.62918699,,,0.24213836,0.34181818,,,,11,,3,3,1,2026-09-30,2026-09-30,
"[LINS 17KM] [H-M]",2026-09-30,active,adset,"Clique de 1 dia","Visitas ao perfil do Instagram",22,499,1.01803607,0.26045455,5.73,–,–,–,508,11.27952756,22,0,0.26045455,4.33070866,22,4.33070866,0.26045455,,,0.29527559,0.31914894,,,,,,,,1,2026-09-30,2026-09-30,
"Personal | Lins 17 KM | 18+ a 55 | Homens e Mulheres",2026-09-29,active,adset,"Clique de 7 dias ou visualização de 1 dia","Leads (formulário)",3,2394,1.18755221,17.7,53.1,–,–,–,2843,18.67745339,23,0,2.30869565,0.80900457,47,1.65318326,1.12978723,,,0.19838199,0.29411765,,,,3,,1,1,1,2026-09-29,2026-09-29,
"[LINS 17KM] [H-M]",2026-09-29,active,adset,"Clique de 1 dia","Visitas ao perfil do Instagram",26,613,1.00652529,0.24076923,6.26,–,–,–,617,10.1458671,24,0,0.26083333,3.8897893,23,3.72771475,0.27217391,,,0.30470016,0.35185185,,,,,,,,2,2026-09-29,2026-09-29,
"Natação | Lins 17 KM | 18 + | Homens e Mulheres",2026-09-29,active,adset,"Clique de 7 dias ou visualização de 1 dia","Leads (formulário)",2,3376,1.31783175,22.485,44.97,–,–,–,4449,10.10788941,24,0,1.87375,0.53944707,54,1.2137559,0.83277778,,,0.24005394,0.30177515,,,,2,,1,1,1,2026-09-29,2026-09-29,
"LINS 17 KM | H-M | 18+",2026-09-29,active,adset,"Clique de 7 dias ou visualização de 1 dia","Conversas por mensagem iniciadas",7,1928,1.26452282,6.75285714,47.27,–,–,–,2438,19.38884331,18,0,2.62611111,0.73831009,58,2.37899918,0.815,,,0.19893355,0.37333333,,,,,,6,7,1,2026-09-29,2026-09-29,
"Aberto - Lins 17km [18+][H-M] — V3",2026-09-29,active,adset,"Clique de 7 dias ou visualização de 1 dia","Conversas por mensagem iniciadas",1,884,1.18438914,12.32,12.32,–,–,–,1047,11.7669532,5,0,2.464,0.47755492,13,1.24164279,0.94769231,,,0.13658071,0.38834951,,,,,,,1,0,2026-09-29,2026-09-29,
"Aberto - Lins 17km [18+][H-M] — V3",2026-09-28,active,adset,"Clique de 7 dias ou visualização de 1 dia",,,832,1.27043269,,11.37,–,–,–,1057,10.75685904,2,0,5.685,0.18921476,9,0.85146641,1.26333333,,,0.13907285,0.28125,,,,,,,,1,2026-09-28,2026-09-28,
"LINS 17 KM | H-M | 18+",2026-09-28,active,adset,"Clique de 7 dias ou visualização de 1 dia","Conversas por mensagem iniciadas",7,1460,1.24315068,6.86,48.02,–,–,–,1815,26.45730028,19,0,2.52736842,1.04683196,46,2.53443526,1.04391304,,,0.184573,0.37988827,,,,,,6,7,0,2026-09-28,2026-09-28,
"Natação | Lins 17 KM | 18 + | Homens e Mulheres",2026-09-28,active,adset,"Clique de 7 dias ou visualização de 1 dia","Leads (formulário)",6,5322,1.33220594,11.14,66.84,–,–,–,7090,9.42736248,47,0,1.42212766,0.6629055,91,1.28349788,0.73450549,,,0.25345557,0.29232387,,,,6,,5,5,0,2026-09-28,2026-09-28,
"Personal | Lins 17 KM | 18+ a 55 | Homens e Mulheres",2026-09-28,active,adset,"Clique de 7 dias ou visualização de 1 dia","Leads (formulário)",9,2673,1.30976431,6.70888889,60.38,–,–,–,3501,17.246501,56,0,1.07821429,1.59954299,97,2.77063696,0.62247423,,,0.22336475,0.25590551,,,,9,,4,4,1,2026-09-28,2026-09-28,
"[LINS 17KM] [H-M]",2026-09-28,active,adset,"Clique de 1 dia","Visitas ao perfil do Instagram",21,716,1.03631285,0.30666667,6.44,–,–,–,742,8.67924528,20,0,0.322,2.69541779,20,2.69541779,0.322,,,0.28706199,0.31818182,,,,,,,,0,2026-09-28,2026-09-28,
"Aberto - Lins 17km [18+][H-M] — V3",2026-09-27,active,adset,"Clique de 7 dias ou visualização de 1 dia",,,950,1.31789474,,12.04,–,–,–,1252,9.61661342,7,0,1.72,0.55910543,19,1.51757188,0.63368421,,,0.10782748,0.44705882,,,,,,,,0,2026-09-27,2026-09-27,
"LINS 17 KM | H-M | 18+",2026-09-27,active,adset,"Clique de 7 dias ou visualização de 1 dia","Conversas por mensagem iniciadas",5,1418,1.18476728,6.148,30.74,–,–,–,1680,18.29761905,12,0,2.56166667,0.71428571,46,2.73809524,0.66826087,,,0.16309524,0.40517241,,,,,,5,5,1,2026-09-27,2026-09-27,
"Natação | Lins 17 KM | 18 + | Homens e Mulheres",2026-09-27,active,adset,"Clique de 7 dias ou visualização de 1 dia","Leads (formulário)",6,4359,1.36384492,8.56833333,51.41,–,–,–,5945,8.64760303,54,0,0.95203704,0.90832632,81,1.36248949,0.63469136,,,0.24104289,0.30917874,,,,6,,2,2,1,2026-09-27,2026-09-27,
"Personal | Lins 17 KM | 18+ a 55 | Homens e Mulheres",2026-09-27,active,adset,"Clique de 7 dias ou visualização de 1 dia","Leads (formulário)",7,2972,1.33950202,10.27714286,71.94,–,–,–,3981,18.07083647,57,0,1.26210526,1.43180106,86,2.16026124,0.83651163,,,0.20447124,0.26254826,,,,7,,7,7,0,2026-09-27,2026-09-27,
"[LINS 17KM] [H-M]",2026-09-27,active,adset,"Clique de 1 dia","Visitas ao perfil do Instagram",31,1056,1.02746212,0.28645161,8.88,–,–,–,1085,8.1843318,29,0,0.3062069,2.67281106,28,2.58064516,0.31714286,,,0.30322581,0.35632184,,,,,,,,2,2026-09-27,2026-09-27,
"Personal | Lins 17 KM | 18+ a 55 | Homens e Mulheres",2026-09-26,active,adset,"Clique de 7 dias ou visualização de 1 dia","Leads (formulário)",9,2517,1.35160906,8.29,74.61,–,–,–,3402,21.93121693,49,0,1.52265306,1.44032922,79,2.32216343,0.94443038,,,0.19047619,0.30285714,,,,9,,3,4,1,2026-09-26,2026-09-26,
"[LINS 17KM] [H-M]",2026-09-26,active,adset,"Clique de 1 dia","Visitas ao perfil do Instagram",23,835,1.0251497,0.30434783,7,–,–,–,856,8.17757009,26,0,0.26923077,3.03738318,26,3.03738318,0.26923077,,,0.30724299,0.2804878,,,,,,,,1,2026-09-26,2026-09-26,
"Natação | Lins 17 KM | 18 + | Homens e Mulheres",2026-09-26,active,adset,"Clique de 7 dias ou visualização de 1 dia","Leads (formulário)",4,3068,1.41949153,11.0975,44.39,–,–,–,4355,10.19288175,52,0,0.85365385,1.19402985,77,1.76808266,0.57649351,,,0.25258324,0.30603448,,,,4,,3,3,1,2026-09-26,2026-09-26,
"Aberto - Lins 17km [18+][H-M] — V3",2026-09-26,active,adset,"Clique de 7 dias ou visualização de 1 dia","Conversas por mensagem iniciadas",1,436,1.44724771,6.97,6.97,–,–,–,631,11.0459588,3,0,2.32333333,0.47543582,6,0.95087163,1.16166667,,,0.07765452,0.45833333,,,,,,,1,0,2026-09-26,2026-09-26,
"LINS 17 KM | H-M | 18+",2026-09-26,active,adset,"Clique de 7 dias ou visualização de 1 dia","Conversas por mensagem iniciadas",3,1842,1.35450597,14.44333333,43.33,–,–,–,2495,17.36673347,12,0,3.61083333,0.48096192,53,2.1242485,0.81754717,,,0.17354709,0.48235294,,,,,,2,3,0,2026-09-26,2026-09-26,
"Aberto - Lins 17km [18+][H-M] — V3",2026-09-25,active,adset,"Clique de 7 dias ou visualização de 1 dia",,,662,1.25226586,,10.68,–,–,–,829,12.88299156,2,0,5.34,0.24125452,5,0.60313631,2.136,,,0.11097708,0.40298507,,,,,,,,0,2026-09-25,2026-09-25,
"LINS 17 KM | H-M | 18+",2026-09-25,active,adset,"Clique de 7 dias ou visualização de 1 dia","Conversas por mensagem iniciadas",3,1880,1.34255319,9.71333333,29.14,–,–,–,2524,11.5451664,16,0,1.82125,0.63391442,41,1.62440571,0.71073171,,,0,,,,,,,1,3,0,2026-09-25,2026-09-25,
"Natação | Lins 17 KM | 18 + | Homens e Mulheres",2026-09-25,active,adset,"Clique de 7 dias ou visualização de 1 dia","Leads (formulário)",4,2838,1.47322058,12.3925,49.57,–,–,–,4181,11.85601531,36,0,1.37694444,0.86103803,64,1.53073427,0.77453125,1,49.57,0.21860799,0.27022654,,,,4,,2,3,4,2026-09-25,2026-09-25,
"Personal | Lins 17 KM | 18+ a 55 | Homens e Mulheres",2026-09-25,active,adset,"Clique de 7 dias ou visualização de 1 dia","Leads (formulário)",1,1466,1.23874488,38.75,38.75,–,–,–,1816,21.33810573,17,0,2.27941176,0.93612335,28,1.54185022,1.38392857,,,0.18722467,0.26771654,,,,1,,,,0,2026-09-25,2026-09-25,
"[LINS 17KM] [H-M]",2026-09-25,active,adset,"Clique de 1 dia","Visitas ao perfil do Instagram",19,756,1.03439153,0.34210526,6.5,–,–,–,782,8.31202046,19,0,0.34210526,2.42966752,19,2.42966752,0.34210526,,,0.31585678,0.32051282,,,,,,,,0,2026-09-25,2026-09-25,
"Aberto - Lins 17km [18+][H-M] — V3",2026-09-24,active,adset,"Clique de 7 dias ou visualização de 1 dia",,,563,1.37655417,,10.78,–,–,–,775,13.90967742,3,0,3.59333333,0.38709677,4,0.51612903,2.695,,,0.16774194,0.40677966,,,,,,,,0,2026-09-24,2026-09-24,
"LINS 17 KM | H-M | 18+",2026-09-24,active,adset,"Clique de 7 dias ou visualização de 1 dia","Conversas por mensagem iniciadas",5,1554,1.36036036,5.112,25.56,–,–,–,2114,12.09082308,9,0,2.84,0.42573321,36,1.70293283,0.71,,,0.06385998,0.44615385,,,,,,2,5,0,2026-09-24,2026-09-24,
"Natação | Lins 17 KM | 18 + | Homens e Mulheres",2026-09-24,active,adset,"Clique de 7 dias ou visualização de 1 dia","Leads (formulário)",3,3237,1.55483472,22.64333333,67.93,–,–,–,5033,13.49692033,38,0,1.78763158,0.75501689,72,1.43055832,0.94347222,,,0.1786211,0.25925926,,,,3,,5,5,1,2026-09-24,2026-09-24,
"Personal | Lins 17 KM | 18+ a 55 | Homens e Mulheres",2026-09-24,active,adset,"Clique de 7 dias ou visualização de 1 dia","Leads (formulário)",4,2803,1.29932215,16.84,67.36,–,–,–,3642,18.49533224,52,0,1.29538462,1.42778693,65,1.78473366,1.03630769,,,0.22954421,0.30268199,,,,4,,3,4,1,2026-09-24,2026-09-24,
"[LINS 17KM] [H-M]",2026-09-24,active,adset,"Clique de 1 dia","Visitas ao perfil do Instagram",21,596,1.04026846,0.28619048,6.01,–,–,–,620,9.69354839,22,0,0.27318182,3.5483871,21,3.38709677,0.28619048,,,0.30322581,0.35087719,,,,,,,,1,2026-09-24,2026-09-24,
"LINS 17 KM | H-M | 18+",2026-09-23,active,adset,"Clique de 7 dias ou visualização de 1 dia","Conversas por mensagem iniciadas",4,1634,1.31946144,10.475,41.9,–,–,–,2156,19.43413729,20,0,2.095,0.92764378,59,2.73654917,0.71016949,,,0.26948052,0.43959732,,,,,,4,4,0,2026-09-23,2026-09-23,
"Personal | Lins 17 KM | 18+ a 55 | Homens e Mulheres",2026-09-23,active,adset,"Clique de 7 dias ou visualização de 1 dia","Leads (formulário)",7,2591,1.34890004,9.01142857,63.08,–,–,–,3495,18.04864092,44,0,1.43363636,1.25894134,82,2.34620887,0.76926829,,,0.218598,0.27338129,,,,7,,5,5,0,2026-09-23,2026-09-23,
"[LINS 17KM] [H-M]",2026-09-23,active,adset,"Clique de 1 dia","Visitas ao perfil do Instagram",17,926,1.01511879,0.43,7.31,–,–,–,940,7.77659574,23,0,0.31782609,2.44680851,20,2.12765957,0.3655,,,0.30744681,0.2804878,,,,,,,,1,2026-09-23,2026-09-23,
"Aberto - Lins 17km [18+][H-M] — V3",2026-09-23,active,adset,"Clique de 7 dias ou visualização de 1 dia","Conversas por mensagem iniciadas",2,671,1.35320417,6.04,12.08,–,–,–,908,13.30396476,1,0,12.08,0.11013216,5,0.55066079,2.416,,,0.06167401,0.52941176,,,,,,1,2,0,2026-09-23,2026-09-23,
"Natação | Lins 17 KM | 18 + | Homens e Mulheres",2026-09-23,active,adset,"Clique de 7 dias ou visualização de 1 dia","Leads (formulário)",1,3656,1.48413567,65.6,65.6,–,–,–,5426,12.08993734,44,0,1.49090909,0.81091043,64,1.17950608,1.025,,,0.12403244,0.3681592,,,,1,,1,1,1,2026-09-23,2026-09-23,
"Aberto - Lins 17km [18+][H-M] — V3",2026-09-22,active,adset,"Clique de 7 dias ou visualização de 1 dia","Conversas por mensagem iniciadas",1,640,1.4203125,12.28,12.28,–,–,–,909,13.50935094,1,0,12.28,0.110011,7,0.77007701,1.75428571,,,0.12871287,0.46938776,,,,,,,1,0,2026-09-22,2026-09-22,
"LINS 17 KM | H-M | 18+",2026-09-22,active,adset,"Clique de 7 dias ou visualização de 1 dia","Conversas por mensagem iniciadas",9,2581,1.30647036,6.75111111,60.76,–,–,–,3372,18.01897983,19,0,3.19789474,0.56346382,75,2.22419929,0.81013333,,,0.2514828,0.3697479,,,,,,8,9,2,2026-09-22,2026-09-22,
"Natação | Lins 17 KM | 18 + | Homens e Mulheres",2026-09-22,active,adset,"Clique de 7 dias ou visualização de 1 dia","Leads (formulário)",6,3773,1.26848662,10.37,62.22,–,–,–,4786,13.00041789,57,0,1.09157895,1.19097367,85,1.77601337,0.732,,,0.11303803,0.31683168,,,,6,,2,2,1,2026-09-22,2026-09-22,
"Personal | Lins 17 KM | 18+ a 55 | Homens e Mulheres",2026-09-22,active,adset,"Clique de 7 dias ou visualização de 1 dia","Leads (formulário)",5,3153,1.32286711,15.15,75.75,–,–,–,4171,18.16111244,47,0,1.61170213,1.1268281,79,1.89403021,0.95886076,,,0.18364901,0.29924242,,,,5,,5,6,0,2026-09-22,2026-09-22,
"[LINS 17KM] [H-M]",2026-09-22,active,adset,"Clique de 1 dia","Visitas ao perfil do Instagram",24,947,1.02006336,0.29291667,7.03,–,–,–,966,7.27743271,26,0,0.27038462,2.69151139,25,2.58799172,0.2812,,,0.2815735,0.24137931,,,,,,,,0,2026-09-22,2026-09-22,
"[LINS 17KM] [H-M]",2026-09-21,active,adset,"Clique de 1 dia","Visitas ao perfil do Instagram",21,754,1.01856764,0.26809524,5.63,–,–,–,768,7.33072917,20,0,0.2815,2.60416667,19,2.47395833,0.29631579,,,0.29947917,0.32758621,,,,,,,,0,2026-09-21,2026-09-21,
"Aberto - Lins 17km [18+][H-M] — V3",2026-09-21,active,adset,"Clique de 7 dias ou visualização de 1 dia","Conversas por mensagem iniciadas",2,516,1.55232558,5.405,10.81,–,–,–,801,13.49563046,4,0,2.7025,0.49937578,7,0.87390762,1.54428571,,,0.11985019,0.47916667,,,,,,1,2,0,2026-09-21,2026-09-21,
"LINS 17 KM | H-M | 18+",2026-09-21,active,adset,"Clique de 7 dias ou visualização de 1 dia","Conversas por mensagem iniciadas",1,797,1.28732748,24.6,24.6,–,–,–,1026,23.97660819,11,0,2.23636364,1.07212476,34,3.31384016,0.72352941,,,0.27095517,0.43661972,,,,,,1,1,0,2026-09-21,2026-09-21,
"Natação | Lins 17 KM | 18 + | Homens e Mulheres",2026-09-21,active,adset,"Clique de 7 dias ou visualização de 1 dia","Leads (formulário)",5,3465,1.25252525,11.166,55.83,–,–,–,4340,12.8640553,42,0,1.32928571,0.96774194,60,1.38248848,0.9305,,,0.11751152,0.33170732,,,,5,,1,1,0,2026-09-21,2026-09-21,
"Personal | Lins 17 KM | 18+ a 55 | Homens e Mulheres",2026-09-21,active,adset,"Clique de 7 dias ou visualização de 1 dia","Leads (formulário)",6,2402,1.30474604,8.90166667,53.41,–,–,–,3134,17.0421187,44,0,1.21386364,1.4039566,74,2.36119974,0.72175676,,,0.21346522,0.28140704,,,,6,,3,3,2,2026-09-21,2026-09-21,
"Personal | Lins 17 KM | 18+ a 55 | Homens e Mulheres",2026-09-20,active,adset,"Clique de 7 dias ou visualização de 1 dia","Leads (formulário)",8,3348,1.26583035,9.56125,76.49,–,–,–,4238,18.04860783,50,0,1.5298,1.17980179,83,1.95847098,0.92156627,,,0.22298254,0.32098765,,,,8,,3,3,1,2026-09-20,2026-09-20,
"[LINS 17KM] [H-M]",2026-09-20,active,adset,"Clique de 1 dia","Visitas ao perfil do Instagram",30,1151,1,0.316,9.48,–,–,–,1151,8.23631625,31,0,0.30580645,2.69331017,31,2.69331017,0.30580645,,,0.32059079,0.2967033,,,,,,,,0,2026-09-20,2026-09-20,
"Aberto - Lins 17km [18+][H-M] — V3",2026-09-20,active,adset,"Clique de 7 dias ou visualização de 1 dia","Conversas por mensagem iniciadas",1,372,1.39784946,6.23,6.23,–,–,–,520,11.98076923,2,0,3.115,0.38461538,4,0.76923077,1.5575,,,0.12115385,0.29411765,,,,,,,1,0,2026-09-20,2026-09-20,
"Natação | Lins 17 KM | 18 + | Homens e Mulheres",2026-09-20,active,adset,"Clique de 7 dias ou visualização de 1 dia","Leads (formulário)",4,3580,1.21620112,17.1175,68.47,–,–,–,4354,15.72576941,51,0,1.34254902,1.1713367,65,1.49288011,1.05338462,,,0.11874139,0.35789474,,,,4,,1,1,0,2026-09-20,2026-09-20,
"LINS 17 KM | H-M | 18+",2026-09-20,active,adset,"Clique de 7 dias ou visualização de 1 dia","Conversas por mensagem iniciadas",4,1791,1.24567281,8.2875,33.15,–,–,–,2231,14.85880771,14,0,2.36785714,0.62752129,61,2.73419991,0.54344262,,,0.26221425,0.41365462,,,,,,4,4,0,2026-09-20,2026-09-20,
"Aberto - Lins 17km [18+][H-M] — V3",2026-09-19,active,adset,"Clique de 7 dias ou visualização de 1 dia",,,625,1.3376,,9.97,–,–,–,836,11.92583732,2,0,4.985,0.23923445,7,0.83732057,1.42428571,,,0.13277512,0.3015873,,,,,,,,1,2026-09-19,2026-09-19,
"LINS 17 KM | H-M | 18+",2026-09-19,active,adset,"Clique de 7 dias ou visualização de 1 dia","Conversas por mensagem iniciadas",6,1489,1.26729349,4.34333333,26.06,–,–,–,1887,13.81028087,17,0,1.53294118,0.9009009,55,2.91467939,0.47381818,,,0.26868045,0.44230769,,,,,,6,6,0,2026-09-19,2026-09-19,
"Natação | Lins 17 KM | 18 + | Homens e Mulheres",2026-09-19,active,adset,"Clique de 7 dias ou visualização de 1 dia","Leads (formulário)",2,2716,1.27356406,25.61,51.22,–,–,–,3459,14.8077479,35,0,1.46342857,1.01185314,47,1.35877421,1.08978723,,,0.12518069,0.31333333,,,,2,,,,0,2026-09-19,2026-09-19,
"Personal | Lins 17 KM | 18+ a 55 | Homens e Mulheres",2026-09-19,active,adset,"Clique de 7 dias ou visualização de 1 dia","Leads (formulário)",6,2420,1.20867769,9.105,54.63,–,–,–,2925,18.67692308,45,0,1.214,1.53846154,60,2.05128205,0.9105,,,0.22598291,0.35185185,,,,6,,2,4,1,2026-09-19,2026-09-19,
"[LINS 17KM] [H-M]",2026-09-19,active,adset,"Clique de 1 dia","Visitas ao perfil do Instagram",22,807,1.01982652,0.28363636,6.24,–,–,–,823,7.58201701,23,0,0.27130435,2.79465371,23,2.79465371,0.27130435,,,0.27946537,0.30379747,,,,,,,,0,2026-09-19,2026-09-19,
"Natação | Lins 17 KM | 18 + | Homens e Mulheres",2026-09-18,active,adset,"Clique de 7 dias ou visualização de 1 dia","Leads (formulário)",4,2941,1.2682761,14.3975,57.59,–,–,–,3730,15.43967828,32,0,1.7996875,0.85790885,44,1.17962466,1.30886364,,,0.11689008,0.36774194,,,,4,,3,3,0,2026-09-18,2026-09-18,
"Personal | Lins 17 KM | 18+ a 55 | Homens e Mulheres",2026-09-18,active,adset,"Clique de 7 dias ou visualização de 1 dia","Leads (formulário)",4,2830,1.43180212,17.3825,69.53,–,–,–,4052,17.15942744,39,0,1.78282051,0.96248766,59,1.45607108,1.17847458,,,0.22112537,0.30841121,,,,4,,1,1,0,2026-09-18,2026-09-18,
"[LINS 17KM] [H-M]",2026-09-18,active,adset,"Clique de 1 dia","Visitas ao perfil do Instagram",23,653,1.02909648,0.26,5.98,–,–,–,672,8.89880952,23,0,0.26,3.42261905,22,3.27380952,0.27181818,,,0.32886905,0.17333333,,,,,,,,1,2026-09-18,2026-09-18,
"LINS 17 KM | H-M | 18+",2026-09-18,active,adset,"Clique de 7 dias ou visualização de 1 dia","Conversas por mensagem iniciadas",2,788,1.38705584,8.27,16.54,–,–,–,1093,15.1326624,7,0,2.36285714,0.64043916,27,2.47026532,0.61259259,,,0.29460201,0.44715447,,,,,,1,2,0,2026-09-18,2026-09-18,
"Aberto - Lins 17km [18+][H-M] — V3",2026-09-18,active,adset,"Clique de 7 dias ou visualização de 1 dia","Conversas por mensagem iniciadas",3,449,1.49665924,3.00333333,9.01,–,–,–,672,13.4077381,,0,,,2,0.29761905,4.505,,,0.16666667,0.48275862,,,,,,1,3,0,2026-09-18,2026-09-18,
"Aberto - Lins 17km [18+][H-M] — V3",2026-09-17,active,adset,"Clique de 7 dias ou visualização de 1 dia",,,630,1.52857143,,11.87,–,–,–,963,12.32606438,1,0,11.87,0.10384216,8,0.83073728,1.48375,,,0.1588785,0.43835616,,,,,,,,0,2026-09-17,2026-09-17,
"LINS 17 KM | H-M | 18+",2026-09-17,active,adset,"Clique de 7 dias ou visualização de 1 dia","Conversas por mensagem iniciadas",13,1408,1.29403409,2.51461538,32.69,–,–,–,1822,17.94182217,25,0,1.3076,1.37211855,63,3.45773875,0.51888889,,,0.29363337,0.41153846,,,,,,9,13,0,2026-09-17,2026-09-17,
"Natação | Lins 17 KM | 18 + | Homens e Mulheres",2026-09-17,active,adset,"Clique de 7 dias ou visualização de 1 dia","Leads (formulário)",5,2748,1.26855895,11.458,57.29,–,–,–,3486,16.43430866,43,0,1.33232558,1.23350545,59,1.69248422,0.97101695,,,0.1259323,0.29813665,,,,5,,3,3,0,2026-09-17,2026-09-17,
"Personal | Lins 17 KM | 18+ a 55 | Homens e Mulheres",2026-09-17,active,adset,"Clique de 7 dias ou visualização de 1 dia","Leads (formulário)",5,2059,1.21612433,12.692,63.46,–,–,–,2504,25.34345048,49,0,1.29510204,1.95686901,71,2.83546326,0.89380282,,,0.20966454,0.29949239,,,,5,,,,0,2026-09-17,2026-09-17,
"[LINS 17KM] [H-M]",2026-09-17,active,adset,"Clique de 1 dia","Visitas ao perfil do Instagram",28,822,1,0.24857143,6.96,–,–,–,822,8.46715328,29,0,0.24,3.52798054,28,3.40632603,0.24857143,,,0.33211679,0.35135135,,,,,,,,1,2026-09-17,2026-09-17,
"Aberto - Lins 17km [18+][H-M] — V3",2026-09-16,active,adset,"Clique de 7 dias ou visualização de 1 dia","Conversas por mensagem iniciadas",1,811,1.43896424,12.43,12.43,–,–,–,1167,10.6512425,7,0,1.77571429,0.59982862,18,1.54241645,0.69055556,,,0.09425878,0.31746032,,,,,,1,1,0,2026-09-16,2026-09-16,
"LINS 17 KM | H-M | 18+",2026-09-16,active,adset,"Clique de 7 dias ou visualização de 1 dia","Conversas por mensagem iniciadas",15,1677,1.33571855,2.77266667,41.59,–,–,–,2240,18.56696429,29,0,1.43413793,1.29464286,74,3.30357143,0.56202703,,,0.28348214,0.39577039,,,,,,14,15,0,2026-09-16,2026-09-16,
"Natação | Lins 17 KM | 18 + | Homens e Mulheres",2026-09-16,active,adset,"Clique de 7 dias ou visualização de 1 dia","Leads (formulário)",4,3687,1.44209384,17.3475,69.39,–,–,–,5317,13.05059244,32,0,2.1684375,0.60184314,54,1.01561031,1.285,,,0.1190521,0.37804878,,,,4,,1,3,0,2026-09-16,2026-09-16,
"Personal | Lins 17 KM | 18+ a 55 | Homens e Mulheres",2026-09-16,active,adset,"Clique de 7 dias ou visualização de 1 dia","Leads (formulário)",5,2212,1.22875226,12.454,62.27,–,–,–,2718,22.91022811,44,0,1.41522727,1.61883738,63,2.31788079,0.9884127,,,0.22663723,0.30472103,,,,5,,4,5,0,2026-09-16,2026-09-16,
"[LINS 17KM] [H-M]",2026-09-16,active,adset,"Clique de 1 dia","Visitas ao perfil do Instagram",20,689,1.0275762,0.3245,6.49,–,–,–,708,9.16666667,20,0,0.3245,2.82485876,20,2.82485876,0.3245,,,0.28248588,0.32758621,,,,,,,,0,2026-09-16,2026-09-16,
"Natação | Lins 17 KM | 18 + | Homens e Mulheres",2026-09-15,active,adset,"Clique de 7 dias ou visualização de 1 dia","Leads (formulário)",2,2211,1.24559023,27.8,55.6,–,–,–,2754,20.18881627,39,0,1.42564103,1.416122,55,1.99709513,1.01090909,,,0.16267248,0.34868421,,,,2,,2,3,0,2026-09-15,2026-09-15,
"Personal | Lins 17 KM | 18+ a 55 | Homens e Mulheres",2026-09-15,active,adset,"Clique de 7 dias ou visualização de 1 dia","Leads (formulário)",3,2091,1.18603539,17.97666667,53.93,–,–,–,2480,21.74596774,34,0,1.58617647,1.37096774,58,2.33870968,0.92982759,,,0.2016129,0.31491713,,,,3,,1,1,2,2026-09-15,2026-09-15,
"[LINS 17KM] [H-M]",2026-09-15,active,adset,"Clique de 1 dia","Visitas ao perfil do Instagram",18,757,1.02509908,0.30055556,5.41,–,–,–,776,6.97164948,19,0,0.28473684,2.44845361,19,2.44845361,0.28473684,,,0.28608247,0.36486486,,,,,,,,1,2026-09-15,2026-09-15,
"LINS 17 KM | H-M | 18+",2026-09-15,active,adset,"Clique de 7 dias ou visualização de 1 dia","Conversas por mensagem iniciadas",11,2849,1.3987364,5.46090909,60.07,–,–,–,3985,15.0740276,25,0,2.4028,0.62735257,100,2.50941029,0.6007,,,0.16787955,0.38622754,,,,,,8,11,2,2026-09-15,2026-09-15,
"Aberto - Lins 17km [18+][H-M] — V3",2026-09-15,active,adset,"Clique de 7 dias ou visualização de 1 dia",,,575,1.24173913,,6.42,–,–,–,714,8.99159664,,0,,,11,1.54061625,0.58363636,,,0.06022409,0.35483871,,,,,,,,0,2026-09-15,2026-09-15,
"Aberto - Lins 17km [18+][H-M] — V3",2026-09-14,active,adset,"Clique de 7 dias ou visualização de 1 dia","Conversas por mensagem iniciadas",1,1134,1.12786596,12.44,12.44,–,–,–,1279,9.72634871,3,0,4.14666667,0.23455825,15,1.17279124,0.82933333,,,0.15246286,0.26717557,,,,,,1,1,0,2026-09-14,2026-09-14,
"LINS 17 KM | H-M | 18+",2026-09-14,active,adset,"Clique de 7 dias ou visualização de 1 dia","Conversas por mensagem iniciadas",6,1980,1.2530303,8.67666667,52.06,–,–,–,2481,20.98347441,22,0,2.36636364,0.88673922,63,2.53929867,0.82634921,,,0.00523982,0.33333333,,,,,,5,6,1,2026-09-14,2026-09-14,
"Natação | Lins 17 KM | 18 + | Homens e Mulheres",2026-09-14,active,adset,"Clique de 7 dias ou visualização de 1 dia","Leads (formulário)",3,2782,1.23148814,20.24666667,60.74,–,–,–,3426,17.72913018,38,0,1.59842105,1.10916521,49,1.43023935,1.23959184,,,0.16258027,0.42944785,,,,3,,2,2,0,2026-09-14,2026-09-14,
"Personal | Lins 17 KM | 18+ a 55 | Homens e Mulheres",2026-09-14,active,adset,"Clique de 7 dias ou visualização de 1 dia","Leads (formulário)",4,2355,1.36687898,15.65,62.6,–,–,–,3219,19.44703324,51,0,1.22745098,1.58434296,69,2.14352283,0.90724638,,,0.20627524,0.31192661,,,,4,,1,1,0,2026-09-14,2026-09-14,
"[LINS 17KM] [H-M]",2026-09-14,active,adset,"Clique de 1 dia","Visitas ao perfil do Instagram",26,1078,1.01855288,0.27346154,7.11,–,–,–,1098,6.47540984,32,0,0.2221875,2.9143898,30,2.73224044,0.237,,,0.29599271,0.26595745,,,,,,,,1,2026-09-14,2026-09-14,
"Aberto - Lins 17km [18+][H-M] — V3",2026-09-13,active,adset,"Clique de 7 dias ou visualização de 1 dia","Conversas por mensagem iniciadas",1,672,1.17113095,7.65,7.65,–,–,–,787,9.72045743,1,0,7.65,0.1270648,11,1.39771283,0.69545455,,,0.12325286,0.34246575,,,,,,1,1,0,2026-09-13,2026-09-13,
"LINS 17 KM | H-M | 18+",2026-09-13,active,adset,"Clique de 7 dias ou visualização de 1 dia","Conversas por mensagem iniciadas",4,1512,1.21759259,7.1675,28.67,–,–,–,1841,15.57305812,17,0,1.68647059,0.92341119,40,2.17273221,0.71675,,,0.0065182,0.75,,,,,,4,4,0,2026-09-13,2026-09-13,
"Natação | Lins 17 KM | 18 + | Homens e Mulheres",2026-09-13,active,adset,"Clique de 7 dias ou visualização de 1 dia","Leads (formulário)",6,2530,1.28458498,10.75333333,64.52,–,–,–,3250,19.85230769,54,0,1.19481481,1.66153846,67,2.06153846,0.96298507,,,0.17169231,0.35220126,,,,6,,2,2,0,2026-09-13,2026-09-13,
"Personal | Lins 17 KM | 18+ a 55 | Homens e Mulheres",2026-09-13,active,adset,"Clique de 7 dias ou visualização de 1 dia","Leads (formulário)",11,2740,1.36934307,7.68363636,84.52,–,–,–,3752,22.52665245,57,0,1.48280702,1.51918977,100,2.6652452,0.8452,,,0.20842217,0.34899329,,,,11,,5,5,0,2026-09-13,2026-09-13,
"[LINS 17KM] [H-M]",2026-09-13,active,adset,"Clique de 1 dia","Visitas ao perfil do Instagram",33,1448,1.02002762,0.3269697,10.79,–,–,–,1477,7.30534868,38,0,0.28394737,2.57278267,37,2.50507786,0.29162162,,,0.29451591,0.28346457,,,,,,,,2,2026-09-13,2026-09-13,
"[LINS 17KM] [H-M]",2026-09-12,active,adset,"Clique de 1 dia","Visitas ao perfil do Instagram",8,847,1.01180638,0.7025,5.62,–,–,–,857,6.55775963,8,0,0.7025,0.93348891,8,0.93348891,0.7025,,,0.21353559,0.56521739,,,,,,,,2,2026-09-12,2026-09-12,
"Personal | Lins 17 KM | 18+ a 55 | Homens e Mulheres",2026-09-12,active,adset,"Clique de 7 dias ou visualização de 1 dia","Leads (formulário)",5,1857,1.29563813,12.548,62.74,–,–,–,2406,26.07647548,43,0,1.45906977,1.78719867,68,2.82626766,0.92264706,,,0.19950125,0.32460733,,,,5,,1,2,0,2026-09-12,2026-09-12,
"LINS 17 KM | H-M | 18+",2026-09-12,active,adset,"Clique de 7 dias ou visualização de 1 dia","Conversas por mensagem iniciadas",5,2198,1.22611465,5.162,25.81,–,–,–,2695,9.57699443,22,0,1.17318182,0.81632653,57,2.11502783,0.45280702,,,0.01187384,0.4,,,,,,5,5,1,2026-09-12,2026-09-12,
"Natação | Lins 17 KM | 18 + | Homens e Mulheres",2026-09-12,active,adset,"Clique de 7 dias ou visualização de 1 dia","Leads (formulário)",5,1938,1.27657379,10.138,50.69,–,–,–,2474,20.4890865,36,0,1.40805556,1.45513339,52,2.10185934,0.97480769,,,0.16006467,0.42857143,,,,5,,,,1,2026-09-12,2026-09-12,
"Aberto - Lins 17km [18+][H-M] — V3",2026-09-12,active,adset,"Clique de 7 dias ou visualização de 1 dia",,,573,1.12739965,,6.35,–,–,–,646,9.82972136,,0,,,4,0.61919505,1.5875,,,0.1377709,0.21666667,,,,,,,,0,2026-09-12,2026-09-12,
"Aberto - Lins 17km [18+][H-M] — V3",2026-09-11,active,adset,"Clique de 7 dias ou visualização de 1 dia",,,609,1.30706076,,7.7,–,–,–,796,9.67336683,3,0,2.56666667,0.37688442,10,1.25628141,0.77,,,0.14949749,0.31325301,,,,,,,,0,2026-09-11,2026-09-11,
"LINS 17 KM | H-M | 18+",2026-09-11,active,adset,"Clique de 7 dias ou visualização de 1 dia","Conversas por mensagem iniciadas",10,2579,1.36642109,4.268,42.68,–,–,–,3524,12.11123723,20,0,2.134,0.56753689,74,2.09988649,0.57675676,,,0.01362089,0.58823529,,,,,,8,10,0,2026-09-11,2026-09-11,
"Natação | Lins 17 KM | 18 + | Homens e Mulheres",2026-09-11,active,adset,"Clique de 7 dias ou visualização de 1 dia","Leads (formulário)",5,2113,1.22953147,11.344,56.72,–,–,–,2598,21.8321786,54,0,1.05037037,2.07852194,68,2.617398,0.83411765,,,0.17090069,0.42028986,,,,5,,3,3,0,2026-09-11,2026-09-11,
"Personal | Lins 17 KM | 18+ a 55 | Homens e Mulheres",2026-09-11,active,adset,"Clique de 7 dias ou visualização de 1 dia","Leads (formulário)",2,2172,1.39548803,31.9,63.8,–,–,–,3031,21.04915869,34,0,1.87647059,1.121742,52,1.71560541,1.22692308,,,0.17354009,0.3490566,,,,2,,1,1,1,2026-09-11,2026-09-11,
"[LINS 17KM] [H-M]",2026-09-11,active,adset,"Clique de 1 dia","Visitas ao perfil do Instagram",15,1189,1.07317073,0.556,8.34,–,–,–,1276,6.53605016,14,0,0.59571429,1.09717868,14,1.09717868,0.59571429,,,0.20454545,0.64705882,,,,,,,,0,2026-09-11,2026-09-11,
"Aberto - Lins 17km [18+][H-M] — V3",2026-09-10,active,adset,"Clique de 7 dias ou visualização de 1 dia",,,932,1.1888412,,11.95,–,–,–,1108,10.78519856,5,0,2.39,0.45126354,14,1.26353791,0.85357143,,,0.13718412,0.37864078,,,,,,,,0,2026-09-10,2026-09-10,
"LINS 17 KM | H-M | 18+",2026-09-10,active,adset,"Clique de 7 dias ou visualização de 1 dia","Conversas por mensagem iniciadas",1,2032,1.41190945,39,39,–,–,–,2869,13.59358662,15,0,2.6,0.52283025,32,1.11537121,1.21875,,,0.00278843,0.5,,,,,,,1,2,2026-09-10,2026-09-10,
"Natação | Lins 17 KM | 18 + | Homens e Mulheres",2026-09-10,active,adset,"Clique de 7 dias ou visualização de 1 dia","Leads (formulário)",6,2219,1.32176656,9.03833333,54.23,–,–,–,2933,18.48960109,38,0,1.42710526,1.29560177,61,2.07978179,0.88901639,,,0.16092738,0.39310345,,,,6,,2,2,1,2026-09-10,2026-09-10,
"Personal | Lins 17 KM | 18+ a 55 | Homens e Mulheres",2026-09-10,active,adset,"Clique de 7 dias ou visualização de 1 dia","Leads (formulário)",1,3218,1.28060907,57.32,57.32,–,–,–,4121,13.90924533,35,0,1.63771429,0.84930842,61,1.48022325,0.93967213,1,57.32,0.30526571,0.23877551,,,,1,,1,2,0,2026-09-10,2026-09-10,
"[LINS 17KM] [H-M]",2026-09-10,active,adset,"Clique de 1 dia","Visitas ao perfil do Instagram",17,870,1.0862069,0.43058824,7.32,–,–,–,945,7.74603175,16,0,0.4575,1.69312169,15,1.58730159,0.488,,,0.26243386,0.38888889,,,,,,,,1,2026-09-10,2026-09-10,
"Natação | Lins 17 KM | 18 + | Homens e Mulheres",2026-09-09,active,adset,"Clique de 7 dias ou visualização de 1 dia","Leads (formulário)",3,1725,1.26202899,10.54666667,31.64,–,–,–,2177,14.53376206,23,0,1.37565217,1.05649977,34,1.56178227,0.93058824,,,0.12907671,0.34482759,,,,3,,3,3,0,2026-09-09,2026-09-09,
"[LINS 17KM] [H-M]",2026-09-09,active,adset,"Clique de 1 dia","Visitas ao perfil do Instagram",12,657,1,0.41916667,5.03,–,–,–,657,7.65601218,10,0,0.503,1.52207002,10,1.52207002,0.503,,,0.20243531,0.6,,,,,,,,0,2026-09-09,2026-09-09,
"Personal | Lins 17 KM | 18+ a 55 | Homens e Mulheres",2026-09-09,active,adset,"Clique de 7 dias ou visualização de 1 dia","Leads (formulário)",4,1442,1.30582524,6.4225,25.69,–,–,–,1883,13.64312268,19,0,1.35210526,1.00902815,37,1.96494955,0.69432432,,,0.26712693,0.24873096,,,,4,,4,4,0,2026-09-09,2026-09-09,
"LINS 17 KM | H-M | 18+",2026-09-09,active,adset,"Clique de 7 dias ou visualização de 1 dia","Conversas por mensagem iniciadas",2,1777,1.38154192,20.115,40.23,–,–,–,2455,16.38696538,11,0,3.65727273,0.44806517,29,1.18126273,1.38724138,,,0.10549898,0.41860465,,,,,,2,2,1,2026-09-09,2026-09-09,
"Aberto - Lins 17km [18+][H-M] — V3",2026-09-09,active,adset,"Clique de 7 dias ou visualização de 1 dia",,,956,1.18200837,,12.43,–,–,–,1130,11,3,0,4.14333333,0.26548673,11,0.97345133,1.13,,,0.14955752,0.30088496,,,,,,,,0,2026-09-09,2026-09-09,
"Aberto - Lins 17km [18+][H-M] — V3",2026-09-08,active,adset,"Clique de 7 dias ou visualização de 1 dia","Conversas por mensagem iniciadas",1,1085,1.22672811,12.35,12.35,–,–,–,1331,9.27873779,4,0,3.0875,0.30052592,20,1.5026296,0.6175,,,0.1322314,0.38655462,,,,,,1,1,0,2026-09-08,2026-09-08,
"LINS 17 KM | H-M | 18+",2026-09-08,active,adset,"Clique de 7 dias ou visualização de 1 dia","Conversas por mensagem iniciadas",6,1520,1.45592105,5.60166667,33.61,–,–,–,2213,15.18752824,10,0,3.361,0.45187528,21,0.94893809,1.60047619,,,0.08947131,0.49019608,,,,,,2,6,0,2026-09-08,2026-09-08,
"Natação | Lins 17 KM | 18 + | Homens e Mulheres",2026-09-08,active,adset,"Clique de 7 dias ou visualização de 1 dia","Leads (formulário)",4,1619,1.29153799,7.6725,30.69,–,–,–,2091,14.67718795,26,0,1.18038462,1.2434242,37,1.76948828,0.82945946,,,0.1372549,0.34146341,,,,4,,1,1,0,2026-09-08,2026-09-08,
"Personal | Lins 17 KM | 18+ a 55 | Homens e Mulheres",2026-09-08,active,adset,"Clique de 7 dias ou visualização de 1 dia","Leads (formulário)",5,2653,1.37881643,10.912,54.56,–,–,–,3658,14.91525424,30,0,1.81866667,0.82012028,54,1.47621651,1.01037037,,,0.22963368,0.32278481,,,,5,,2,3,0,2026-09-08,2026-09-08,
"[LINS 17KM] [H-M]",2026-09-08,active,adset,"Clique de 1 dia","Visitas ao perfil do Instagram",15,966,1.06004141,0.48866667,7.33,–,–,–,1024,7.15820312,14,0,0.52357143,1.3671875,14,1.3671875,0.52357143,,,0.2265625,0.51724138,,,,,,,,1,2026-09-08,2026-09-08,
"Aberto - Lins 17km [18+][H-M] — V3",2026-09-07,active,adset,"Clique de 7 dias ou visualização de 1 dia","Conversas por mensagem iniciadas",1,1528,1.17931937,12.41,12.41,–,–,–,1802,6.88679245,4,0,3.1025,0.22197558,31,1.72031077,0.40032258,,,0.1381798,0.34756098,,,,,,1,1,0,2026-09-07,2026-09-07,
"LINS 17 KM | H-M | 18+",2026-09-07,active,adset,"Clique de 7 dias ou visualização de 1 dia","Conversas por mensagem iniciadas",2,1634,1.4253366,11.845,23.69,–,–,–,2329,10.17174753,13,0,1.82230769,0.55817948,26,1.11635895,0.91115385,,,0.00085874,0,,,,,,1,2,0,2026-09-07,2026-09-07,
"Natação | Lins 17 KM | 18 + | Homens e Mulheres",2026-09-07,active,adset,"Clique de 7 dias ou visualização de 1 dia","Leads (formulário)",1,2017,1.29747149,39.04,39.04,–,–,–,2617,14.91784486,26,0,1.50153846,0.99350401,36,1.37562094,1.08444444,,,0.13106611,0.28571429,,,,1,,,,0,2026-09-07,2026-09-07,
"Personal | Lins 17 KM | 18+ a 55 | Homens e Mulheres",2026-09-07,active,adset,"Clique de 7 dias ou visualização de 1 dia","Leads (formulário)",7,2463,1.3000406,7.58857143,53.12,–,–,–,3202,16.58963148,35,0,1.51771429,1.09306683,59,1.84259838,0.90033898,,,0.16801999,0.38571429,,,,7,,1,2,0,2026-09-07,2026-09-07,
"[LINS 17KM] [H-M]",2026-09-07,active,adset,"Clique de 1 dia","Visitas ao perfil do Instagram",24,1154,1.04159445,0.33,7.92,–,–,–,1202,6.5890183,26,0,0.30461538,2.16306156,25,2.07986689,0.3168,,,0.19633943,0.44067797,,,,,,,,1,2026-09-07,2026-09-07,
"Personal | Lins 17 KM | 18+ a 55 | Homens e Mulheres",2026-09-06,active,adset,"Clique de 7 dias ou visualização de 1 dia","Leads (formulário)",8,2481,1.3458283,6.96375,55.71,–,–,–,3339,16.68463612,43,0,1.2955814,1.28781072,71,2.12638515,0.78464789,,,0.17100928,0.34703196,,,,8,,6,8,1,2026-09-06,2026-09-06,
"[LINS 17KM] [H-M]",2026-09-06,active,adset,"Clique de 1 dia","Visitas ao perfil do Instagram",21,1086,1.01933702,0.35428571,7.44,–,–,–,1107,6.72086721,16,0,0.465,1.44534779,16,1.44534779,0.465,,,0.18879855,0.53061224,,,,,,,,0,2026-09-06,2026-09-06,
"LINS 17 KM | H-M | 18+",2026-09-06,active,adset,"Clique de 7 dias ou visualização de 1 dia","Conversas por mensagem iniciadas",5,1368,1.34576023,4.132,20.66,–,–,–,1841,11.22216187,9,0,2.29555556,0.48886475,25,1.35795763,0.8264,,,0,,,,,,,2,5,0,2026-09-06,2026-09-06,
"Natação | Lins 17 KM | 18 + | Homens e Mulheres",2026-09-06,active,adset,"Clique de 7 dias ou visualização de 1 dia","Leads (formulário)",4,2401,1.43523532,10.54,42.16,–,–,–,3446,12.23447475,30,0,1.40533333,0.87057458,44,1.27684272,0.95818182,,,0.12507255,0.37037037,,,,4,,1,2,0,2026-09-06,2026-09-06,
"Aberto - Lins 17km [18+][H-M] — V3",2026-09-06,active,adset,"Clique de 7 dias ou visualização de 1 dia","Conversas por mensagem iniciadas",1,529,1.28733459,6.45,6.45,–,–,–,681,9.47136564,4,0,1.6125,0.58737151,8,1.17474302,0.80625,,,0,,,,,,,1,1,0,2026-09-06,2026-09-06,
"Aberto - Lins 17km [18+][H-M] — V3",2026-09-05,active,adset,"Clique de 7 dias ou visualização de 1 dia",,,1029,1.34596696,,12.38,–,–,–,1385,8.93862816,5,0,2.476,0.36101083,12,0.86642599,1.03166667,,,0.04693141,0.45,,,,,,,,0,2026-09-05,2026-09-05,
"LINS 17 KM | H-M | 18+",2026-09-05,active,adset,"Clique de 7 dias ou visualização de 1 dia","Conversas por mensagem iniciadas",3,1005,1.50746269,5.41333333,16.24,–,–,–,1515,10.71947195,10,0,1.624,0.66006601,23,1.51815182,0.70608696,,,0.0369637,0.28,,,,,,2,3,0,2026-09-05,2026-09-05,
"Natação | Lins 17 KM | 18 + | Homens e Mulheres",2026-09-05,active,adset,"Clique de 7 dias ou visualização de 1 dia","Leads (formulário)",1,2241,1.47077198,34.6,34.6,–,–,–,3296,10.49757282,26,0,1.33076923,0.78883495,35,1.0618932,0.98857143,,,0.00485437,0.28571429,,,,1,,2,2,0,2026-09-05,2026-09-05,
"Personal | Lins 17 KM | 18+ a 55 | Homens e Mulheres",2026-09-05,active,adset,"Clique de 7 dias ou visualização de 1 dia","Leads (formulário)",4,1936,1.42923554,12.76,51.04,–,–,–,2767,18.44597037,36,0,1.41777778,1.30104807,56,2.02385255,0.91142857,,,0.14130828,0.48192771,,,,4,,1,3,2,2026-09-05,2026-09-05,
"[LINS 17KM] [H-M]",2026-09-05,active,adset,"Clique de 1 dia","Visitas ao perfil do Instagram",29,1023,1.02639296,0.24689655,7.16,–,–,–,1050,6.81904762,27,0,0.26518519,2.57142857,25,2.38095238,0.2864,,,0.20285714,0.50684932,,,,,,,,2,2026-09-05,2026-09-05,
"Aberto - Lins 17km [18+][H-M] — V3",2026-09-04,active,adset,"Clique de 7 dias ou visualização de 1 dia",,,762,1.46325459,,11.16,–,–,–,1115,10.00896861,5,0,2.232,0.44843049,9,0.80717489,1.24,,,0,,,,,,,,,0,2026-09-04,2026-09-04,
"LINS 17 KM | H-M | 18+",2026-09-04,active,adset,"Clique de 7 dias ou visualização de 1 dia","Conversas por mensagem iniciadas",2,1541,1.43218689,11.115,22.23,–,–,–,2207,10.0724966,15,0,1.482,0.67965564,29,1.31400091,0.76655172,,,0.00498414,0.2,,,,,,2,2,0,2026-09-04,2026-09-04,
"Natação | Lins 17 KM | 18 + | Homens e Mulheres",2026-09-04,active,adset,"Clique de 7 dias ou visualização de 1 dia","Leads (formulário)",2,2082,1.47358309,13.97,27.94,–,–,–,3068,9.10691004,24,0,1.16416667,0.78226858,36,1.17340287,0.77611111,,,0.00749674,0.33333333,,,,2,,1,1,0,2026-09-04,2026-09-04,
"Personal | Lins 17 KM | 18+ a 55 | Homens e Mulheres",2026-09-04,active,adset,"Clique de 7 dias ou visualização de 1 dia","Leads (formulário)",1,1777,1.46933033,40.44,40.44,–,–,–,2611,15.48831865,30,0,1.348,1.14898506,40,1.53198008,1.011,,,0.04212945,0.36842105,,,,1,,1,1,0,2026-09-04,2026-09-04,
"[LINS 17KM] [H-M]",2026-09-04,active,adset,"Clique de 1 dia","Visitas ao perfil do Instagram",10,839,1,0.612,6.12,–,–,–,839,7.29439809,9,0,0.68,1.0727056,8,0.95351609,0.765,,,0.20619785,0.52083333,,,,,,,,0,2026-09-04,2026-09-04,
"Personal | Lins 17 KM | 18+ a 55 | Homens e Mulheres",2026-09-03,active,adset,"Clique de 7 dias ou visualização de 1 dia","Leads (formulário)",3,2159,1.28531728,16.76333333,50.29,–,–,–,2775,18.12252252,34,0,1.47911765,1.22522523,52,1.87387387,0.96711538,,,0.10630631,0.23893805,,,,3,,1,2,0,2026-09-03,2026-09-03,
"[LINS 17KM] [H-M]",2026-09-03,active,adset,"Clique de 1 dia","Visitas ao perfil do Instagram",22,925,1.03243243,0.3,6.6,–,–,–,955,6.91099476,20,0,0.33,2.09424084,20,2.09424084,0.33,,,0.18743455,0.47058824,,,,,,,,1,2026-09-03,2026-09-03,
"Aberto - Lins 17km [18+][H-M] — V3",2026-09-03,active,adset,"Clique de 7 dias ou visualização de 1 dia","Conversas por mensagem iniciadas",1,757,1.44121532,11.23,11.23,–,–,–,1091,10.29330889,3,0,3.74333333,0.27497709,12,1.09990834,0.93583333,,,0,,,,,,,,1,0,2026-09-03,2026-09-03,
"Natação | Lins 17 KM | 18 + | Homens e Mulheres",2026-09-03,active,adset,"Clique de 7 dias ou visualização de 1 dia","Leads (formulário)",3,3199,1.38543295,15.01333333,45.04,–,–,–,4432,10.16245487,22,0,2.04727273,0.49638989,35,0.78971119,1.28685714,,,0.08009928,0.42657343,,,,3,,3,3,1,2026-09-03,2026-09-03,
"LINS 17 KM | H-M | 18+",2026-09-03,active,adset,"Clique de 7 dias ou visualização de 1 dia","Conversas por mensagem iniciadas",5,2743,1.27087131,8.58,42.9,–,–,–,3486,12.30636833,20,0,2.145,0.57372347,76,2.18014917,0.56447368,,,0.0524957,0.42105263,,,,,,1,5,0,2026-09-03,2026-09-03,
"Aberto - Lins 17km [18+][H-M] — V3",2026-09-02,active,adset,"Clique de 7 dias ou visualização de 1 dia","Conversas por mensagem iniciadas",2,561,1.36898396,5.03,10.06,–,–,–,768,13.09895833,4,0,2.515,0.52083333,22,2.86458333,0.45727273,,,0.01822917,0.3,,,,,,1,2,0,2026-09-02,2026-09-02,
"LINS 17 KM | H-M | 18+",2026-09-02,active,adset,"Clique de 7 dias ou visualização de 1 dia",,,459,1.64705882,,13.44,–,–,–,756,17.77777778,2,0,6.72,0.26455026,19,2.51322751,0.70736842,,,0.21296296,0.65671642,,,,,,,,0,2026-09-02,2026-09-02,
"Natação | Lins 17 KM | 18 + | Homens e Mulheres",2026-09-02,active,adset,"Clique de 7 dias ou visualização de 1 dia","Leads (formulário)",3,2770,1.38231047,10.06666667,30.2,–,–,–,3829,7.88717681,21,0,1.43809524,0.54844607,41,1.07077566,0.73658537,,,0.10995038,0.43918919,,,,3,,2,3,2,2026-09-02,2026-09-02,
"Personal | Lins 17 KM | 18+ a 55 | Homens e Mulheres",2026-09-02,active,adset,"Clique de 7 dias ou visualização de 1 dia","Leads (formulário)",5,1937,1.25761487,7.784,38.92,–,–,–,2436,15.97701149,32,0,1.21625,1.3136289,48,1.97044335,0.81083333,,,0.20114943,0.32738095,,,,5,,3,3,1,2026-09-02,2026-09-02,
"[LINS 17KM] [H-M]",2026-09-02,active,adset,"Clique de 1 dia","Visitas ao perfil do Instagram",18,893,1.06830907,0.38444444,6.92,–,–,–,954,7.25366876,13,0,0.53230769,1.36268344,13,1.36268344,0.53230769,,,0.20440252,0.48076923,,,,,,,,0,2026-09-02,2026-09-02,
"Aberto - Lins 17km [18+][H-M] — V3",2026-09-01,active,adset,"Clique de 7 dias ou visualização de 1 dia",,,419,1.21957041,,5.34,–,–,–,511,10.45009785,1,0,5.34,0.19569472,3,0.58708415,1.78,,,0.09589041,0.29411765,,,,,,,,0,2026-09-01,2026-09-01,
"LINS 17 KM | H-M | 18+",2026-09-01,active,adset,"Clique de 7 dias ou visualização de 1 dia","Conversas por mensagem iniciadas",3,1916,1.41649269,11.27666667,33.83,–,–,–,2714,12.46499632,11,0,3.07545455,0.40530582,38,1.40014738,0.89026316,,,0.20560059,0.51152074,,,,,,2,3,1,2026-09-01,2026-09-01,
"Natação | Lins 17 KM | 18 + | Homens e Mulheres",2026-09-01,active,adset,"Clique de 7 dias ou visualização de 1 dia","Leads (formulário)",4,2304,1.45138889,6.4725,25.89,–,–,–,3344,7.74222488,15,0,1.726,0.44856459,29,0.86722488,0.89275862,,,0.13068182,0.47101449,,,,4,,2,2,1,2026-09-01,2026-09-01,
"Personal | Lins 17 KM | 18+ a 55 | Homens e Mulheres",2026-09-01,active,adset,"Clique de 7 dias ou visualização de 1 dia","Leads (formulário)",5,2272,1.3846831,8.132,40.66,–,–,–,3146,12.92434838,28,0,1.45214286,0.89001907,47,1.49396058,0.86510638,,,0.16815003,0.25824176,,,,5,,2,2,0,2026-09-01,2026-09-01,
"[LINS 17KM] [H-M]",2026-09-01,active,adset,"Clique de 1 dia","Visitas ao perfil do Instagram",29,1147,1.05318221,0.24068966,6.98,–,–,–,1208,5.7781457,26,0,0.26846154,2.15231788,25,2.06953642,0.2792,,,0.22433775,0.61764706,,,,,,,,1,2026-09-01,2026-09-01,
"Personal | Lins 17 KM | 18+ a 55 | Homens e Mulheres",2026-08-31,active,adset,"Clique de 7 dias ou visualização de 1 dia","Leads (formulário)",5,2179,1.35383203,8.144,40.72,–,–,–,2950,13.80338983,25,0,1.6288,0.84745763,57,1.93220339,0.71438596,,,0.2,0.31818182,,,,5,,2,3,0,2026-08-31,2026-08-31,
"[LINS 17KM] [H-M]",2026-08-31,active,adset,"Clique de 1 dia","Visitas ao perfil do Instagram",30,1286,1.01477449,0.26633333,7.99,–,–,–,1305,6.12260536,23,0,0.3473913,1.76245211,22,1.68582375,0.36318182,,,0.20689655,0.54166667,,,,,,,,1,2026-08-31,2026-08-31,
"LINS 17 KM | H-M | 18+",2026-08-31,active,adset,"Clique de 7 dias ou visualização de 1 dia","Conversas por mensagem iniciadas",5,1630,1.28895706,4.672,23.36,–,–,–,2101,11.11851499,9,0,2.59555556,0.42836744,54,2.57020466,0.43259259,,,0.24416944,0.50236967,,,,,,4,5,0,2026-08-31,2026-08-31,
"Natação | Lins 17 KM | 18 + | Homens e Mulheres",2026-08-31,active,adset,"Clique de 7 dias ou visualização de 1 dia","Leads (formulário)",9,3064,1.44778068,4.67111111,42.04,–,–,–,4436,9.47700631,30,0,1.40133333,0.67628494,49,1.10459874,0.85795918,,,0.15532011,0.45210728,,,,9,,6,6,2,2026-08-31,2026-08-31,
"LINS 17 KM | H-M | 18+",2026-08-30,active,adset,"Clique de 7 dias ou visualização de 1 dia","Conversas por mensagem iniciadas",2,2010,1.23930348,11.095,22.19,–,–,–,2491,8.90806905,10,0,2.219,0.4014452,75,3.01083902,0.29586667,,,0.26334805,0.49815498,,,,,,1,2,1,2026-08-30,2026-08-30,
"Natação | Lins 17 KM | 18 + | Homens e Mulheres",2026-08-30,active,adset,"Clique de 7 dias ou visualização de 1 dia","Leads (formulário)",3,2620,1.36412214,10.73666667,32.21,–,–,–,3574,9.01231114,25,0,1.2884,0.69949636,43,1.20313374,0.74906977,,,0.13710129,0.36619718,,,,3,,1,1,0,2026-08-30,2026-08-30,
"Personal | Lins 17 KM | 18+ a 55 | Homens e Mulheres",2026-08-30,active,adset,"Clique de 7 dias ou visualização de 1 dia","Leads (formulário)",5,2515,1.35387674,11.142,55.71,–,–,–,3405,16.36123348,42,0,1.32642857,1.23348018,73,2.14390602,0.76315068,,,0.2246696,0.3772242,,,,5,,1,1,0,2026-08-30,2026-08-30,
"[LINS 17KM] [H-M]",2026-08-30,active,adset,"Clique de 1 dia","Visitas ao perfil do Instagram",22,1242,1.05394525,0.32545455,7.16,–,–,–,1309,5.46982429,20,0,0.358,1.52788388,20,1.52788388,0.358,,,0.19938885,0.6056338,,,,,,,,1,2026-08-30,2026-08-30,
"LINS 17 KM | H-M | 18+",2026-08-29,active,adset,"Clique de 7 dias ou visualização de 1 dia","Conversas por mensagem iniciadas",3,2242,1.26895629,7.81,23.43,–,–,–,2845,8.23550088,25,0,0.9372,0.87873462,86,3.0228471,0.27244186,,,0.06713533,0.55913978,,,,,,2,3,0,2026-08-29,2026-08-29,
"Natação | Lins 17 KM | 18 + | Homens e Mulheres",2026-08-29,active,adset,"Clique de 7 dias ou visualização de 1 dia","Leads (formulário)",3,1796,1.24164811,9.02666667,27.08,–,–,–,2230,12.14349776,16,0,1.6925,0.71748879,28,1.25560538,0.96714286,,,0.14977578,0.38333333,,,,3,,2,2,1,2026-08-29,2026-08-29,
"Personal | Lins 17 KM | 18+ a 55 | Homens e Mulheres",2026-08-29,active,adset,"Clique de 7 dias ou visualização de 1 dia","Leads (formulário)",7,1402,1.28887304,4.98285714,34.88,–,–,–,1807,19.30271168,33,0,1.0569697,1.82623132,49,2.71167681,0.71183673,,,0.26175982,0.32183908,,,,7,,2,2,0,2026-08-29,2026-08-29,
"[LINS 17KM] [H-M]",2026-08-29,active,adset,"Clique de 1 dia","Visitas ao perfil do Instagram",43,1044,1.06417625,0.15023256,6.46,–,–,–,1111,5.81458146,33,0,0.19575758,2.97029703,33,2.97029703,0.19575758,,,0.24482448,0.62857143,,,,,,,,1,2026-08-29,2026-08-29,
"Personal | Lins 17 KM | 18+ a 55 | Homens e Mulheres",2026-08-28,active,adset,"Clique de 7 dias ou visualização de 1 dia","Leads (formulário)",4,1593,1.18769617,9.6775,38.71,–,–,–,1892,20.45983087,31,0,1.24870968,1.6384778,43,2.27272727,0.90023256,,,0.23890063,0.21794872,,,,4,,2,2,0,2026-08-28,2026-08-28,
"[LINS 17KM] [H-M]",2026-08-28,active,adset,"Clique de 1 dia","Visitas ao perfil do Instagram",28,1081,1.02035153,0.26607143,7.45,–,–,–,1103,6.75430644,24,0,0.31041667,2.17588395,24,2.17588395,0.31041667,,,0.20852221,0.6031746,,,,,,,,1,2026-08-28,2026-08-28,
"Natação | Lins 17 KM | 18 + | Homens e Mulheres",2026-08-28,active,adset,"Clique de 7 dias ou visualização de 1 dia","Leads (formulário)",3,1935,1.30439276,10.02333333,30.07,–,–,–,2524,11.91362916,24,0,1.25291667,0.95087163,38,1.50554675,0.79131579,,,0.12242472,0.3,,,,3,,2,2,0,2026-08-28,2026-08-28,
"LINS 17 KM | H-M | 18+",2026-08-28,active,adset,"Clique de 7 dias ou visualização de 1 dia","Conversas por mensagem iniciadas",1,1349,1.3573017,15.18,15.18,–,–,–,1831,8.29055161,6,0,2.53,0.32768979,34,1.85690879,0.44647059,,,0,,,,,,,1,1,0,2026-08-28,2026-08-28,
"Aberto - Lins 17km [18+][H-M] — V2",2026-08-28,inactive,adset,"Clique de 7 dias ou visualização de 1 dia","Conversas por mensagem iniciadas",3,754,1.09018568,2.14,6.42,–,–,–,822,7.81021898,4,0,1.605,0.486618,12,1.45985401,0.535,,,0.1703163,0.39393939,,,,,,1,3,1,2026-08-28,2026-08-28,
"Aberto - Lins 17km [18+][H-M] — V2",2026-08-27,inactive,adset,"Clique de 7 dias ou visualização de 1 dia","Conversas por mensagem iniciadas",2,1100,1.18181818,5.22,10.44,–,–,–,1300,8.03076923,6,0,1.74,0.46153846,21,1.61538462,0.49714286,,,0.16461538,0.34210526,,,,,,1,2,2,2026-08-27,2026-08-27,
"LINS 17 KM | H-M | 18+",2026-08-27,active,adset,"Clique de 7 dias ou visualização de 1 dia","Conversas por mensagem iniciadas",3,1895,1.21108179,7.01666667,21.05,–,–,–,2295,9.17211329,8,0,2.63125,0.34858388,36,1.56862745,0.58472222,,,0,,,,,,,1,3,1,2026-08-27,2026-08-27,
"Natação | Lins 17 KM | 18 + | Homens e Mulheres",2026-08-27,active,adset,"Clique de 7 dias ou visualização de 1 dia","Leads (formulário)",1,2937,1.24991488,31.82,31.82,–,–,–,3671,8.66793789,23,0,1.38347826,0.62653228,30,0.81721602,1.06066667,,,0.09915554,0.29655172,,,,1,,2,3,0,2026-08-27,2026-08-27,
"Personal | Lins 17 KM | 18+ a 55 | Homens e Mulheres",2026-08-27,active,adset,"Clique de 7 dias ou visualização de 1 dia","Leads (formulário)",5,2342,1.3176772,8.776,43.88,–,–,–,3086,14.21905379,29,0,1.51310345,0.9397278,54,1.74983798,0.81259259,,,0.22618276,0.32113821,,,,5,,3,3,0,2026-08-27,2026-08-27,
"[LINS 17KM] [H-M]",2026-08-27,active,adset,"Clique de 1 dia","Visitas ao perfil do Instagram",27,920,1.05434783,0.21888889,5.91,–,–,–,970,6.09278351,16,0,0.369375,1.64948454,15,1.54639175,0.394,,,0.22164948,0.66176471,,,,,,,,0,2026-08-27,2026-08-27,
"[LINS 17KM] [H-M]",2026-08-26,active,adset,"Clique de 1 dia","Visitas ao perfil do Instagram",25,1083,1.08679594,0.2752,6.88,–,–,–,1177,5.84536958,24,0,0.28666667,2.03908241,24,2.03908241,0.28666667,,,0.21410365,0.63218391,,,,,,,,0,2026-08-26,2026-08-26,
"Aberto - Lins 17km [18+][H-M] — V2",2026-08-26,inactive,adset,"Clique de 7 dias ou visualização de 1 dia",,,1426,1.13253857,,11.85,–,–,–,1615,7.3374613,1,0,11.85,0.0619195,16,0.99071207,0.740625,,,0.14736842,0.33757962,,,,,,,,0,2026-08-26,2026-08-26,
"LINS 17 KM | H-M | 18+",2026-08-26,active,adset,"Clique de 7 dias ou visualização de 1 dia","Conversas por mensagem iniciadas",6,2136,1.30992509,4.57666667,27.46,–,–,–,2798,9.81415297,20,0,1.373,0.71479628,61,2.18012866,0.45016393,,,0,,,,,,,4,6,0,2026-08-26,2026-08-26,
"Natação | Lins 17 KM | 18 + | Homens e Mulheres",2026-08-26,active,adset,"Clique de 7 dias ou visualização de 1 dia","Leads (formulário)",1,2635,1.22087287,30.52,30.52,–,–,–,3217,9.48709978,20,0,1.526,0.62169723,37,1.15013988,0.82486486,,,0.11625738,0.27333333,,,,1,,2,2,3,2026-08-26,2026-08-26,
"Personal | Lins 17 KM | 18+ a 55 | Homens e Mulheres",2026-08-26,active,adset,"Clique de 7 dias ou visualização de 1 dia","Leads (formulário)",5,1626,1.21586716,6.61,33.05,–,–,–,1977,16.71724836,34,0,0.97205882,1.71977744,56,2.83257461,0.59017857,,,0.23975721,0.26136364,,,,5,,1,2,3,2026-08-26,2026-08-26,
"[LINS 17KM] [H-M]",2026-08-25,active,adset,"Clique de 1 dia","Visitas ao perfil do Instagram",24,1232,1.03246753,0.325,7.8,–,–,–,1272,6.13207547,23,0,0.33913043,1.8081761,23,1.8081761,0.33913043,,,0.20754717,0.64102564,,,,,,,,1,2026-08-25,2026-08-25,
"Personal | Lins 17 KM | 18+ a 55 | Homens e Mulheres",2026-08-25,active,adset,"Clique de 7 dias ou visualização de 1 dia","Leads (formulário)",5,2183,1.30691709,9.226,46.13,–,–,–,2853,16.16894497,34,0,1.35676471,1.19172801,63,2.20820189,0.73222222,,,0.24044865,0.29482072,,,,5,,4,5,1,2026-08-25,2026-08-25,
"LINS 17 KM | H-M | 18+",2026-08-25,active,adset,"Clique de 7 dias ou visualização de 1 dia","Conversas por mensagem iniciadas",7,2877,1.27146333,4.60857143,32.26,–,–,–,3658,8.81902679,27,0,1.19481481,0.73810826,99,2.70639694,0.32585859,,,0.01284855,0.43478261,,,,,,6,7,0,2026-08-25,2026-08-25,
"Natação | Lins 17 KM | 18 + | Homens e Mulheres",2026-08-25,active,adset,"Clique de 7 dias ou visualização de 1 dia","Leads (formulário)",5,2412,1.29063018,5.77,28.85,–,–,–,3113,9.26758754,23,0,1.25434783,0.73883713,43,1.38130421,0.67093023,,,0.12399615,0.25974026,,,,5,,2,2,0,2026-08-25,2026-08-25,
"Aberto - Lins 17km [18+][H-M] — V2",2026-08-25,inactive,adset,"Clique de 7 dias ou visualização de 1 dia",,,1380,1.14855072,,12.33,–,–,–,1585,7.77917981,3,0,4.11,0.18927445,18,1.13564669,0.685,,,0.13753943,0.38410596,,,,,,,,0,2026-08-25,2026-08-25,
"Aberto - Lins 17km [18+][H-M] — V2",2026-08-24,inactive,adset,"Clique de 7 dias ou visualização de 1 dia",,,1436,1.12952646,,11.2,–,–,–,1622,6.90505549,6,0,1.86666667,0.36991369,30,1.84956843,0.37333333,1,11.2,0.15228113,0.39102564,,,,,,,,0,2026-08-24,2026-08-24,
"LINS 17 KM | H-M | 18+",2026-08-24,active,adset,"Clique de 7 dias ou visualização de 1 dia","Conversas por mensagem iniciadas",5,3514,1.17899829,7.948,39.74,–,–,–,4143,9.59208303,22,0,1.80636364,0.53101617,94,2.26888728,0.42276596,,,0.00241371,,,,,,,3,5,0,2026-08-24,2026-08-24,
"Natação | Lins 17 KM | 18 + | Homens e Mulheres",2026-08-24,active,adset,"Clique de 7 dias ou visualização de 1 dia","Leads (formulário)",1,2566,1.23304754,31.36,31.36,–,–,–,3164,9.91150442,22,0,1.42545455,0.69532238,35,1.10619469,0.896,,,0.11915297,0.30188679,,,,1,,1,1,1,2026-08-24,2026-08-24,
"Personal | Lins 17 KM | 18+ a 55 | Homens e Mulheres",2026-08-24,active,adset,"Clique de 7 dias ou visualização de 1 dia","Leads (formulário)",4,1801,1.3420322,9.6825,38.73,–,–,–,2417,16.02399669,33,0,1.17363636,1.36532892,47,1.94455937,0.82404255,,,0.22755482,0.29441624,,,,4,,1,2,2,2026-08-24,2026-08-24,
"[LINS 17KM] [H-M]",2026-08-24,active,adset,"Clique de 1 dia","Visitas ao perfil do Instagram",22,1209,1.06782465,0.27909091,6.14,–,–,–,1291,4.7560031,19,0,0.32315789,1.47172734,18,1.39426801,0.34111111,,,0.19519752,0.51428571,,,,,,,,0,2026-08-24,2026-08-24,
"Natação | Lins 17 KM | 18 + | Homens e Mulheres",2026-08-23,active,adset,"Clique de 7 dias ou visualização de 1 dia","Leads (formulário)",3,2621,1.26516597,11.21333333,33.64,–,–,–,3316,10.14475271,20,0,1.682,0.60313631,39,1.1761158,0.8625641,,,0.13630881,0.29192547,,,,3,,1,1,1,2026-08-23,2026-08-23,
"Personal | Lins 17 KM | 18+ a 55 | Homens e Mulheres",2026-08-23,active,adset,"Clique de 7 dias ou visualização de 1 dia","Leads (formulário)",1,2609,1.18704484,42.61,42.61,–,–,–,3097,13.75847594,41,0,1.03926829,1.3238618,72,2.32483048,0.59180556,,,0.27510494,0.33333333,,,,1,,1,1,2,2026-08-23,2026-08-23,
"[LINS 17KM] [H-M]",2026-08-23,active,adset,"Clique de 1 dia","Visitas ao perfil do Instagram",30,1512,1.0462963,0.273,8.19,–,–,–,1582,5.17699115,20,0,0.4095,1.2642225,20,1.2642225,0.4095,,,0.20037927,0.69411765,,,,,,,,1,2026-08-23,2026-08-23,
"LINS 17 KM | H-M | 18+",2026-08-23,active,adset,"Clique de 7 dias ou visualização de 1 dia","Conversas por mensagem iniciadas",4,2113,1.21864647,5.3475,21.39,–,–,–,2575,8.30679612,14,0,1.52785714,0.54368932,55,2.13592233,0.38890909,,,0.0015534,1,,,,,,4,4,0,2026-08-23,2026-08-23,
"Aberto - Lins 17km [18+][H-M] — V2",2026-08-23,inactive,adset,"Clique de 7 dias ou visualização de 1 dia",,,1001,1.15084915,,8.09,–,–,–,1152,7.02256944,6,0,1.34833333,0.52083333,17,1.47569444,0.47588235,,,0.14149306,0.50961538,,,,,,,,0,2026-08-23,2026-08-23,
"[LINS 17KM] [H-M]",2026-08-22,active,adset,"Clique de 1 dia","Visitas ao perfil do Instagram",31,1258,1.04372019,0.23709677,7.35,–,–,–,1313,5.59786748,27,0,0.27222222,2.05635948,26,1.98019802,0.28269231,,,0.21934501,0.60215054,,,,,,,,1,2026-08-22,2026-08-22,
"Personal | Lins 17 KM | 18+ a 55 | Homens e Mulheres",2026-08-22,active,adset,"Clique de 7 dias ou visualização de 1 dia","Leads (formulário)",2,1756,1.27050114,16.68,33.36,–,–,–,2231,14.9529359,30,0,1.112,1.34468848,43,1.92738682,0.77581395,,,0.29493501,0.26442308,,,,2,,,,1,2026-08-22,2026-08-22,
"LINS 17 KM | H-M | 18+",2026-08-22,active,adset,"Clique de 7 dias ou visualização de 1 dia","Conversas por mensagem iniciadas",2,1909,1.26191723,10.16,20.32,–,–,–,2409,8.43503528,10,0,2.032,0.41511,48,1.99252802,0.42333333,,,0.00083022,,,,,,,2,2,1,2026-08-22,2026-08-22,
"Natação | Lins 17 KM | 18 + | Homens e Mulheres",2026-08-22,active,adset,"Clique de 7 dias ou visualização de 1 dia","Leads (formulário)",3,2176,1.23805147,9.64666667,28.94,–,–,–,2694,10.7423905,22,0,1.31545455,0.81662955,36,1.3363029,0.80388889,,,0.15738679,0.33333333,,,,3,,3,3,0,2026-08-22,2026-08-22,
"Aberto - Lins 17km [18+][H-M] — V2",2026-08-22,inactive,adset,"Clique de 7 dias ou visualização de 1 dia","Conversas por mensagem iniciadas",1,1273,1.1264729,10.46,10.46,–,–,–,1434,7.29428173,8,0,1.3075,0.55788006,24,1.67364017,0.43583333,,,0.17433752,0.36075949,,,,,,,1,1,2026-08-22,2026-08-22,
"Aberto - Lins 17km [18+][H-M] — V2",2026-08-21,inactive,adset,"Clique de 7 dias ou visualização de 1 dia","Conversas por mensagem iniciadas",1,881,1.24631101,9.17,9.17,–,–,–,1098,8.35154827,1,0,9.17,0.09107468,13,1.18397086,0.70538462,,,0.17030965,0.43609023,,,,,,1,1,0,2026-08-21,2026-08-21,
"LINS 17 KM | H-M | 18+",2026-08-21,active,adset,"Clique de 7 dias ou visualização de 1 dia","Conversas por mensagem iniciadas",10,3448,1.24448956,3.522,35.22,–,–,–,4291,8.20787695,27,0,1.30444444,0.62922396,92,2.14402237,0.38282609,,,0.00512701,1,,,,,,10,10,0,2026-08-21,2026-08-21,
"Natação | Lins 17 KM | 18 + | Homens e Mulheres",2026-08-21,active,adset,"Clique de 7 dias ou visualização de 1 dia","Leads (formulário)",2,1949,1.24166239,13.5,27,–,–,–,2420,11.15702479,20,0,1.35,0.82644628,34,1.40495868,0.79411765,,,0.1785124,0.34,,,,2,,1,2,0,2026-08-21,2026-08-21,
"Personal | Lins 17 KM | 18+ a 55 | Homens e Mulheres",2026-08-21,active,adset,"Clique de 7 dias ou visualização de 1 dia","Leads (formulário)",3,1693,1.29828706,12.72333333,38.17,–,–,–,2198,17.36578708,32,0,1.1928125,1.45586897,47,2.13830755,0.81212766,,,0.31301183,0.26244344,,,,3,,2,3,2,2026-08-21,2026-08-21,
"[LINS 17KM] [H-M]",2026-08-21,active,adset,"Clique de 1 dia","Visitas ao perfil do Instagram",37,1258,1.03656598,0.20162162,7.46,–,–,–,1304,5.7208589,31,0,0.24064516,2.37730061,30,2.3006135,0.24866667,,,0.21625767,0.58695652,,,,,,,,1,2026-08-21,2026-08-21,
"Natação | Lins 17 KM | 18 + | Homens e Mulheres",2026-08-20,active,adset,"Clique de 7 dias ou visualização de 1 dia","Leads (formulário)",3,2016,1.2921627,8.69666667,26.09,–,–,–,2605,10.01535509,18,0,1.44944444,0.69097889,27,1.03646833,0.9662963,,,0.16890595,0.33333333,,,,3,,1,1,1,2026-08-20,2026-08-20,
"Personal | Lins 17 KM | 18+ a 55 | Homens e Mulheres",2026-08-20,active,adset,"Clique de 7 dias ou visualização de 1 dia","Leads (formulário)",2,1892,1.27748414,19.19,38.38,–,–,–,2417,15.87918908,32,0,1.199375,1.32395532,47,1.94455937,0.81659574,,,0.28258171,0.24651163,,,,2,,,1,1,2026-08-20,2026-08-20,
"[LINS 17KM] [H-M]",2026-08-20,active,adset,"Clique de 1 dia","Visitas ao perfil do Instagram",42,1406,1.05974395,0.20857143,8.76,–,–,–,1490,5.87919463,38,0,0.23052632,2.55033557,36,2.41610738,0.24333333,,,0.21006711,0.58415842,,,,,,,,1,2026-08-20,2026-08-20,
"LINS 17 KM | H-M | 18+",2026-08-20,active,adset,"Clique de 7 dias ou visualização de 1 dia","Conversas por mensagem iniciadas",3,1347,1.52041574,6.79333333,20.38,–,–,–,2048,9.95117188,12,0,1.69833333,0.5859375,30,1.46484375,0.67933333,,,0.05029297,0.5483871,,,,,,2,3,0,2026-08-20,2026-08-20,
"Aberto - Lins 17km [18+][H-M] — V2",2026-08-20,inactive,adset,"Clique de 7 dias ou visualização de 1 dia","Conversas por mensagem iniciadas",4,928,1.2575431,2.3575,9.43,–,–,–,1167,8.08054841,9,0,1.04777778,0.77120823,27,2.31362468,0.34925926,,,0.17652099,0.48427673,,,,,,3,4,0,2026-08-20,2026-08-20,
"Aberto - Lins 17km [18+][H-M] — V2",2026-08-19,inactive,adset,"Clique de 7 dias ou visualização de 1 dia","Conversas por mensagem iniciadas",1,276,1.22463768,4.23,4.23,–,–,–,338,12.5147929,1,0,4.23,0.29585799,3,0.88757396,1.41,1,4.23,0.06508876,0.41176471,,,,,,1,1,0,2026-08-19,2026-08-19,
"LINS 17 KM | H-M | 18+",2026-08-19,active,adset,"Clique de 7 dias ou visualização de 1 dia","Conversas por mensagem iniciadas",11,3150,1.35238095,3.73454545,41.08,–,–,–,4260,9.64319249,29,0,1.41655172,0.68075117,63,1.47887324,0.65206349,,,0.03403756,0.46808511,,,,,,8,11,0,2026-08-19,2026-08-19,
"Natação | Lins 17 KM | 18 + | Homens e Mulheres",2026-08-19,active,adset,"Clique de 7 dias ou visualização de 1 dia",,,2157,1.3449235,,23.43,–,–,–,2901,8.07652534,19,0,1.23315789,0.65494657,27,0.93071355,0.86777778,,,0.16752844,0.27966102,,,,,,,,2,2026-08-19,2026-08-19,
"Personal | Lins 17 KM | 18+ a 55 | Homens e Mulheres",2026-08-19,active,adset,"Clique de 7 dias ou visualização de 1 dia","Leads (formulário)",5,2268,1.26058201,9.218,46.09,–,–,–,2859,16.12102134,37,0,1.24567568,1.2941588,64,2.23854495,0.72015625,,,0.25148653,0.28813559,,,,5,,3,4,1,2026-08-19,2026-08-19,
"[LINS 17KM] [H-M]",2026-08-19,active,adset,"Clique de 1 dia","Visitas ao perfil do Instagram",29,1227,1.04400978,0.24689655,7.16,–,–,–,1281,5.58938329,23,0,0.31130435,1.79547229,23,1.79547229,0.31130435,,,0.19672131,0.58208955,,,,,,,,0,2026-08-19,2026-08-19,
"LINS 17 KM | H-M | 18+",2026-08-18,active,adset,"Clique de 7 dias ou visualização de 1 dia","Conversas por mensagem iniciadas",7,3567,1.38772077,8.01571429,56.11,–,–,–,4950,11.33535354,31,0,1.81,0.62626263,75,1.51515152,0.74813333,,,0.01373737,0.5,,,,,,4,7,2,2026-08-18,2026-08-18,
"Natação | Lins 17 KM | 18 + | Homens e Mulheres",2026-08-18,active,adset,"Clique de 7 dias ou visualização de 1 dia","Leads (formulário)",2,2606,1.16807368,10.505,21.01,–,–,–,3044,6.9021025,14,0,1.50071429,0.45992116,29,0.95269382,0.72448276,,,0.09822602,0.25925926,,,,2,,,1,3,2026-08-18,2026-08-18,
"Personal | Lins 17 KM | 18+ a 55 | Homens e Mulheres",2026-08-18,active,adset,"Clique de 7 dias ou visualização de 1 dia","Leads (formulário)",6,2103,1.30052306,5.41833333,32.51,–,–,–,2735,11.88665448,27,0,1.20407407,0.98720293,50,1.82815356,0.6502,,,0.25082267,0.27751196,,,,6,,4,5,0,2026-08-18,2026-08-18,
"[LINS 17KM] [H-M]",2026-08-18,active,adset,"Clique de 1 dia","Visitas ao perfil do Instagram",30,1251,1.06394884,0.21233333,6.37,–,–,–,1331,4.78587528,23,0,0.27695652,1.72802404,23,1.72802404,0.27695652,,,0.24793388,0.49494949,,,,,,,,0,2026-08-18,2026-08-18,
"[LINS 17KM] [H-M]",2026-08-17,active,adset,"Clique de 1 dia","Visitas ao perfil do Instagram",33,808,1,0.12575758,4.15,–,–,–,808,5.13613861,23,0,0.18043478,2.84653465,22,2.72277228,0.18863636,,,0.28836634,0.52688172,,,,,,,,1,2026-08-17,2026-08-17,
"LINS 17 KM | H-M | 18+",2026-08-17,active,adset,"Clique de 7 dias ou visualização de 1 dia","Conversas por mensagem iniciadas",7,2681,1.39873182,7.15857143,50.11,–,–,–,3750,13.36266667,22,0,2.27772727,0.58666667,76,2.02666667,0.65934211,,,0.12266667,0.44444444,,,,,,5,7,1,2026-08-17,2026-08-17,
"Natação | Lins 17 KM | 18 + | Homens e Mulheres",2026-08-17,active,adset,"Clique de 7 dias ou visualização de 1 dia","Leads (formulário)",4,2557,1.27884239,6.1475,24.59,–,–,–,3270,7.51987768,25,0,0.9836,0.76452599,37,1.13149847,0.66459459,,,0.13027523,0.40828402,,,,4,,4,4,1,2026-08-17,2026-08-17,
"Personal | Lins 17 KM | 18+ a 55 | Homens e Mulheres",2026-08-17,active,adset,"Clique de 7 dias ou visualização de 1 dia","Leads (formulário)",3,2224,1.33138489,13.14666667,39.44,–,–,–,2961,13.31982438,30,0,1.31466667,1.01317123,55,1.85748058,0.71709091,,,0.25329281,0.32051282,,,,3,,1,1,0,2026-08-17,2026-08-17,
"Personal | Lins 17 KM | 18+ a 55 | Homens e Mulheres",2026-08-16,active,adset,"Clique de 7 dias ou visualização de 1 dia","Leads (formulário)",2,3350,1.2958209,27.505,55.01,–,–,–,4341,12.67219535,57,0,0.96508772,1.31306151,93,2.14236351,0.59150538,,,0.25892651,0.28915663,,,,2,,1,1,1,2026-08-16,2026-08-16,
"LINS 17 KM | H-M | 18+",2026-08-16,active,adset,"Clique de 7 dias ou visualização de 1 dia","Conversas por mensagem iniciadas",1,1273,1.27808327,17.72,17.72,–,–,–,1627,10.89121082,7,0,2.53142857,0.4302397,24,1.47510756,0.73833333,,,0.18500307,0.47368421,,,,,,1,1,0,2026-08-16,2026-08-16,
"Natação | Lins 17 KM | 18 + | Homens e Mulheres",2026-08-16,active,adset,"Clique de 7 dias ou visualização de 1 dia","Leads (formulário)",4,2462,1.20268075,6.2825,25.13,–,–,–,2961,8.48699764,23,0,1.0926087,0.77676461,39,1.31712259,0.64435897,,,0.11617697,0.26865672,,,,4,,3,3,1,2026-08-16,2026-08-16,
"[LINS 17KM] [H-M]",2026-08-16,active,adset,"Clique de 1 dia","Visitas ao perfil do Instagram",61,1301,1.01076095,0.12639344,7.71,–,–,–,1315,5.86311787,48,0,0.160625,3.65019011,47,3.57414449,0.16404255,,,0.32623574,0.54450262,,,,,,,,2,2026-08-16,2026-08-16,
"LINS 17 KM | H-M | 18+",2026-08-15,active,adset,"Clique de 7 dias ou visualização de 1 dia","Conversas por mensagem iniciadas",4,2262,1.32625995,8.57,34.28,–,–,–,3000,11.42666667,16,0,2.1425,0.53333333,56,1.86666667,0.61214286,,,0.219,0.47938144,,,,,,3,4,1,2026-08-15,2026-08-15,
"Natação | Lins 17 KM | 18 + | Homens e Mulheres",2026-08-15,active,adset,"Clique de 7 dias ou visualização de 1 dia",,,1994,1.26078235,,21.59,–,–,–,2514,8.58790772,18,0,1.19944444,0.71599045,25,0.99443119,0.8636,,,0.08949881,0.37647059,,,,,,,,0,2026-08-15,2026-08-15,
"Personal | Lins 17 KM | 18+ a 55 | Homens e Mulheres",2026-08-15,active,adset,"Clique de 7 dias ou visualização de 1 dia","Leads (formulário)",3,2057,1.29606223,11.72333333,35.17,–,–,–,2666,13.19204801,38,0,0.92552632,1.42535634,57,2.13803451,0.61701754,,,0.20517629,0.25730994,,,,3,,1,1,0,2026-08-15,2026-08-15,
"[LINS 17KM] [H-M]",2026-08-15,active,adset,"Clique de 1 dia","Visitas ao perfil do Instagram",69,948,1.01898734,0.08681159,5.99,–,–,–,966,6.20082816,53,0,0.11301887,5.48654244,51,5.27950311,0.11745098,,,0.33540373,0.55294118,,,,,,,,1,2026-08-15,2026-08-15,
"LINS 17 KM | H-M | 18+",2026-08-14,active,adset,"Clique de 7 dias ou visualização de 1 dia","Conversas por mensagem iniciadas",2,1782,1.29349046,12.71,25.42,–,–,–,2305,11.02819957,7,0,3.63142857,0.30368764,35,1.51843818,0.72628571,,,0.21171367,0.49206349,,,,,,1,2,1,2026-08-14,2026-08-14,
"Natação | Lins 17 KM | 18 + | Homens e Mulheres",2026-08-14,active,adset,"Clique de 7 dias ou visualização de 1 dia","Leads (formulário)",2,1331,1.28474831,6.89,13.78,–,–,–,1710,8.05847953,6,0,2.29666667,0.35087719,16,0.93567251,0.86125,,,0.11520468,0.32926829,,,,2,,1,1,3,2026-08-14,2026-08-14,
"Personal | Lins 17 KM | 18+ a 55 | Homens e Mulheres",2026-08-14,active,adset,"Clique de 7 dias ou visualização de 1 dia",,,1910,1.37486911,,32.43,–,–,–,2626,12.34958111,31,0,1.04612903,1.18050267,43,1.63747144,0.75418605,,,0.03160701,0.33333333,,,,,,,,0,2026-08-14,2026-08-14,
"[LINS 17KM] [H-M]",2026-08-14,active,adset,"Clique de 1 dia","Visitas ao perfil do Instagram",75,936,1.02777778,0.08533333,6.4,–,–,–,962,6.65280665,60,0,0.10666667,6.23700624,58,6.02910603,0.11034483,,,0.37629938,0.54497354,,,,,,,,4,2026-08-14,2026-08-14,
"LINS 17 KM | H-M | 18+",2026-08-13,active,adset,"Clique de 7 dias ou visualização de 1 dia","Conversas por mensagem iniciadas",3,1921,1.39354503,10.12333333,30.37,–,–,–,2677,11.34478894,12,0,2.53083333,0.44826298,49,1.83040717,0.61979592,,,0.20694808,0.49305556,,,,,,1,3,2,2026-08-13,2026-08-13,
"Natação | Lins 17 KM | 18 + | Homens e Mulheres",2026-08-13,active,adset,"Clique de 7 dias ou visualização de 1 dia","Leads (formulário)",1,1487,1.30800269,16.36,16.36,–,–,–,1945,8.41131105,12,0,1.36333333,0.61696658,23,1.18251928,0.71130435,,,0.12699229,0.32631579,,,,1,,1,1,0,2026-08-13,2026-08-13,
"Personal | Lins 17 KM | 18+ a 55 | Homens e Mulheres",2026-08-13,active,adset,"Clique de 7 dias ou visualização de 1 dia","Leads (formulário)",8,2391,1.35424509,5.22375,41.79,–,–,–,3238,12.90611489,36,0,1.16083333,1.11179741,62,1.9147622,0.67403226,,,0.1003706,0.33684211,,,,8,,5,5,0,2026-08-13,2026-08-13,
"[LINS 17KM] [H-M]",2026-08-13,active,adset,"Clique de 1 dia","Visitas ao perfil do Instagram",50,816,1.04901961,0.1106,5.53,–,–,–,856,6.46028037,39,0,0.14179487,4.55607477,39,4.55607477,0.14179487,,,0.36565421,0.52317881,,,,,,,,3,2026-08-13,2026-08-13,
"[LINS 17KM] [H-M]",2026-08-12,active,adset,"Clique de 1 dia","Visitas ao perfil do Instagram",56,881,1.0261067,0.09517857,5.33,–,–,–,904,5.8960177,40,0,0.13325,4.42477876,39,4.31415929,0.13666667,,,0.38274336,0.53374233,,,,,,,,2,2026-08-12,2026-08-12,
"Personal | Lins 17 KM | 18+ a 55 | Homens e Mulheres",2026-08-12,active,adset,"Clique de 7 dias ou visualização de 1 dia","Leads (formulário)",2,3931,1.23505469,24.235,48.47,–,–,–,4855,9.98352214,37,0,1.31,0.76210093,63,1.29763131,0.76936508,,,0.17775489,0.33660131,,,,2,,3,3,0,2026-08-12,2026-08-12,
"Natação | Lins 17 KM | 18 + | Homens e Mulheres",2026-08-12,active,adset,"Clique de 7 dias ou visualização de 1 dia","Leads (formulário)",1,778,1.07455013,9.36,9.36,–,–,–,836,11.19617225,7,0,1.33714286,0.83732057,13,1.55502392,0.72,,,0.18779904,0.34,,,,1,,,,0,2026-08-12,2026-08-12,
"LINS 17 KM | H-M | 18+",2026-08-12,active,adset,"Clique de 7 dias ou visualização de 1 dia","Conversas por mensagem iniciadas",4,2208,1.45788043,9.65,38.6,–,–,–,3219,11.99130165,9,0,4.28888889,0.27958993,57,1.77073625,0.67719298,,,0.22336129,0.54326923,,,,,,3,4,1,2026-08-12,2026-08-12,
"LINS 17 KM | H-M | 18+",2026-08-11,active,adset,"Clique de 7 dias ou visualização de 1 dia","Conversas por mensagem iniciadas",12,3820,1.37565445,4.95,59.4,–,–,–,5255,11.30352046,29,0,2.04827586,0.55185538,105,1.99809705,0.56571429,,,0.06489058,0.54054054,,,,,,12,12,1,2026-08-11,2026-08-11,
"Natação | Lins 17 KM | 18 + | Homens e Mulheres",2026-08-11,active,adset,"Clique de 7 dias ou visualização de 1 dia","Leads (formulário)",1,995,1.08743719,9.57,9.57,–,–,–,1082,8.84473198,7,0,1.36714286,0.64695009,15,1.38632163,0.638,,,0.1922366,0.24637681,,,,1,,,1,2,2026-08-11,2026-08-11,
"Personal | Lins 17 KM | 18+ a 55 | Homens e Mulheres",2026-08-11,active,adset,"Clique de 7 dias ou visualização de 1 dia","Leads (formulário)",8,3896,1.34060575,6.90625,55.25,–,–,–,5223,10.57821176,46,0,1.20108696,0.88071989,81,1.55083285,0.68209877,,,0.16867701,0.30674847,,,,8,,7,7,2,2026-08-11,2026-08-11,
"[LINS 17KM] [H-M]",2026-08-11,active,adset,"Clique de 1 dia","Visitas ao perfil do Instagram",83,1231,1.04630382,0.09144578,7.59,–,–,–,1288,5.89285714,60,0,0.1265,4.65838509,59,4.58074534,0.12864407,,,0.36956522,0.57674419,,,,,,,,4,2026-08-11,2026-08-11,
"LINS 17 KM | H-M | 18+",2026-08-10,active,adset,"Clique de 7 dias ou visualização de 1 dia","Conversas por mensagem iniciadas",7,2425,1.35505155,6.97428571,48.82,–,–,–,3286,14.85696896,18,0,2.71222222,0.54777845,64,1.94765673,0.7628125,,,0,,,,,,,6,7,1,2026-08-10,2026-08-10,
"Natação | Lins 17 KM | 18 + | Homens e Mulheres",2026-08-10,active,adset,"Clique de 7 dias ou visualização de 1 dia","Leads (formulário)",1,1234,1.14910859,12.6,12.6,–,–,–,1418,8.88575458,8,0,1.575,0.56417489,17,1.19887165,0.74117647,,,0.16431594,0.29069767,,,,1,,,1,0,2026-08-10,2026-08-10,
"Personal | Lins 17 KM | 18+ a 55 | Homens e Mulheres",2026-08-10,active,adset,"Clique de 7 dias ou visualização de 1 dia",,,3179,1.22805914,,51.53,–,–,–,3904,13.19928279,47,0,1.09638298,1.20389344,75,1.92110656,0.68706667,,,0.1977459,0.35740072,,,,,,,,0,2026-08-10,2026-08-10,
"[LINS 17KM] [H-M]",2026-08-10,active,adset,"Clique de 1 dia","Visitas ao perfil do Instagram",91,1933,1.06880497,0.11131868,10.13,–,–,–,2066,4.90319458,74,0,0.13689189,3.58180058,72,3.48499516,0.14069444,,,0.30251694,0.45357143,,,,,,,,2,2026-08-10,2026-08-10,
"LINS 17 KM | H-M | 18+",2026-08-09,active,adset,"Clique de 7 dias ou visualização de 1 dia","Conversas por mensagem iniciadas",4,1840,1.27282609,6.7375,26.95,–,–,–,2342,11.50725875,16,0,1.684375,0.68317677,43,1.83603757,0.62674419,,,0,,,,,,,3,4,1,2026-08-09,2026-08-09,
"Natação | Lins 17 KM | 18 + | Homens e Mulheres",2026-08-09,active,adset,"Clique de 7 dias ou visualização de 1 dia",,,823,1.10085055,,11.41,–,–,–,906,12.59381898,8,0,1.42625,0.88300221,12,1.32450331,0.95083333,,,0.14128035,0.25454545,,,,,,,,0,2026-08-09,2026-08-09,
"Personal | Lins 17 KM | 18+ a 55 | Homens e Mulheres",2026-08-09,active,adset,"Clique de 7 dias ou visualização de 1 dia","Leads (formulário)",4,2490,1.18273092,12.465,49.86,–,–,–,2945,16.93039049,49,0,1.01755102,1.66383701,69,2.34295416,0.7226087,,,0.20780985,0.28571429,,,,4,,,,0,2026-08-09,2026-08-09,
"[LINS 17KM] [H-M]",2026-08-09,active,adset,"Clique de 1 dia","Visitas ao perfil do Instagram",35,1501,1.02265157,0.22914286,8.02,–,–,–,1535,5.2247557,35,0,0.22914286,2.28013029,34,2.21498371,0.23588235,,,0.20325733,0.3,,,,,,,,1,2026-08-09,2026-08-09,
"Personal | Lins 17 KM | 18+ a 55 | Homens e Mulheres",2026-08-08,active,adset,"Clique de 7 dias ou visualização de 1 dia","Leads (formulário)",2,1999,1.19209605,24.915,49.83,–,–,–,2383,20.91061687,53,0,0.94018868,2.22408728,75,3.14729333,0.6644,,,0.25346202,0.33333333,,,,2,,1,1,0,2026-08-08,2026-08-08,
"[LINS 17KM] [H-M]",2026-08-08,active,adset,"Clique de 1 dia","Visitas ao perfil do Instagram",32,1242,1.04347826,0.2325,7.44,–,–,–,1296,5.74074074,22,0,0.33818182,1.69753086,22,1.69753086,0.33818182,,,0.23148148,0.34146341,,,,,,,,1,2026-08-08,2026-08-08,
"LINS 17 KM | H-M | 18+",2026-08-08,active,adset,"Clique de 7 dias ou visualização de 1 dia","Conversas por mensagem iniciadas",5,2682,1.2665921,7.346,36.73,–,–,–,3397,10.8124816,22,0,1.66954545,0.64763026,64,1.88401531,0.57390625,,,0,,,,,,,5,5,0,2026-08-08,2026-08-08,
"Natação | Lins 17 KM | 18 + | Homens e Mulheres",2026-08-08,active,adset,"Clique de 7 dias ou visualização de 1 dia",,,760,1.06842105,,8.88,–,–,–,812,10.93596059,7,0,1.26857143,0.86206897,11,1.3546798,0.80727273,,,0.16009852,0.234375,,,,,,1,1,0,2026-08-08,2026-08-08,
"LINS 17 KM | H-M | 18+",2026-08-07,active,adset,"Clique de 7 dias ou visualização de 1 dia","Conversas por mensagem iniciadas",4,2341,1.3310551,7.6525,30.61,–,–,–,3116,9.82349166,17,0,1.80058824,0.54557125,43,1.37997433,0.71186047,,,0,,,,,,,4,4,0,2026-08-07,2026-08-07,
"Natação | Lins 17 KM | 18 + | Homens e Mulheres",2026-08-07,active,adset,"Clique de 7 dias ou visualização de 1 dia","Leads (formulário)",2,744,1.10483871,4.745,9.49,–,–,–,822,11.54501217,12,0,0.79083333,1.45985401,16,1.94647202,0.593125,,,0.15328467,0.29310345,,,,2,,1,1,0,2026-08-07,2026-08-07,
"Personal | Lins 17 KM | 18+ a 55 | Homens e Mulheres",2026-08-07,active,adset,"Clique de 7 dias ou visualização de 1 dia","Leads (formulário)",3,1735,1.18443804,12.83333333,38.5,–,–,–,2055,18.73479319,27,0,1.42592593,1.31386861,42,2.04379562,0.91666667,,,0.25255474,0.23295455,,,,3,,,,0,2026-08-07,2026-08-07,
"[LINS 17KM] [H-M]",2026-08-07,active,adset,"Clique de 1 dia","Visitas ao perfil do Instagram",34,1096,1.03010949,0.20852941,7.09,–,–,–,1129,6.27989371,30,0,0.23633333,2.65721878,30,2.65721878,0.23633333,,,0.25332152,0.31168831,,,,,,,,1,2026-08-07,2026-08-07,
"LINS 17 KM | H-M | 18+",2026-08-06,active,adset,"Clique de 7 dias ou visualização de 1 dia","Conversas por mensagem iniciadas",5,2088,1.39272031,6.546,32.73,–,–,–,2908,11.25515818,17,0,1.92529412,0.58459422,45,1.5474553,0.72733333,,,0,,,,,,,3,5,0,2026-08-06,2026-08-06,
"Natação | Lins 17 KM | 18 + | Homens e Mulheres",2026-08-06,active,adset,"Clique de 7 dias ou visualização de 1 dia",,,852,1.10680751,,9.27,–,–,–,943,9.83032874,5,0,1.854,0.53022269,11,1.16648993,0.84272727,,,0.12831389,0.34615385,,,,,,,,0,2026-08-06,2026-08-06,
"Personal | Lins 17 KM | 18+ a 55 | Homens e Mulheres",2026-08-06,active,adset,"Clique de 7 dias ou visualização de 1 dia","Leads (formulário)",3,3173,1.30003152,17.90666667,53.72,–,–,–,4125,13.0230303,36,0,1.49222222,0.87272727,63,1.52727273,0.85269841,,,0.2230303,0.32967033,,,,3,,,1,0,2026-08-06,2026-08-06,
"[LINS 17KM] [H-M]",2026-08-06,active,adset,"Clique de 1 dia","Visitas ao perfil do Instagram",28,1171,1.01793339,0.24178571,6.77,–,–,–,1192,5.6795302,28,0,0.24178571,2.34899329,28,2.34899329,0.24178571,,,0.2466443,0.26470588,,,,,,,,2,2026-08-06,2026-08-06,
"Personal | Lins 17 KM | 18+ a 55 | Homens e Mulheres",2026-08-05,active,adset,"Clique de 7 dias ou visualização de 1 dia","Leads (formulário)",6,2406,1.29052369,6.99833333,41.99,–,–,–,3105,13.52334944,35,0,1.19971429,1.12721417,59,1.90016103,0.71169492,,,0.21513688,0.40084388,,,,6,,3,3,1,2026-08-05,2026-08-05,
"[LINS 17KM] [H-M]",2026-08-05,active,adset,"Clique de 1 dia","Visitas ao perfil do Instagram",28,953,1.00314795,0.20285714,5.68,–,–,–,956,5.94142259,25,0,0.2272,2.61506276,23,2.40585774,0.24695652,,,0.28974895,0.325,,,,,,,,0,2026-08-05,2026-08-05,
"Natação | Lins 17 KM | 18 + | Homens e Mulheres",2026-08-05,active,adset,"Clique de 7 dias ou visualização de 1 dia","Leads (formulário)",2,931,1.12459721,4.04,8.08,–,–,–,1047,7.71728749,3,0,2.69333333,0.28653295,8,0.76408787,1.01,,,0.12989494,0.27419355,,,,2,,,1,0,2026-08-05,2026-08-05,
"LINS 17 KM | H-M | 18+",2026-08-05,active,adset,"Clique de 7 dias ou visualização de 1 dia","Conversas por mensagem iniciadas",3,2273,1.46458425,13.89666667,41.69,–,–,–,3329,12.52328026,12,0,3.47416667,0.36046861,34,1.02132773,1.22617647,,,0,,,,,,,2,3,0,2026-08-05,2026-08-05,
"LINS 17 KM | H-M | 18+",2026-08-04,active,adset,"Clique de 7 dias ou visualização de 1 dia","Conversas por mensagem iniciadas",9,3795,1.43504611,5.61444444,50.53,–,–,–,5446,9.27836945,39,0,1.29564103,0.71612192,105,1.92802057,0.4812381,,,0,,,,,,,9,9,3,2026-08-04,2026-08-04,
"Natação | Lins 17 KM | 18 + | Homens e Mulheres",2026-08-04,active,adset,"Clique de 7 dias ou visualização de 1 dia","Leads (formulário)",2,1236,1.11407767,5.165,10.33,–,–,–,1377,7.50181554,5,0,2.066,0.36310821,12,0.87145969,0.86083333,,,0.12708787,0.26027397,,,,2,,1,2,1,2026-08-04,2026-08-04,
"Personal | Lins 17 KM | 18+ a 55 | Homens e Mulheres",2026-08-04,active,adset,"Clique de 7 dias ou visualização de 1 dia","Leads (formulário)",5,2977,1.34833725,10.654,53.27,–,–,–,4014,13.27105132,46,0,1.15804348,1.14598904,70,1.74389636,0.761,,,0.18335825,0.35185185,,,,5,,1,1,1,2026-08-04,2026-08-04,
"[LINS 17KM] [H-M]",2026-08-04,active,adset,"Clique de 1 dia","Visitas ao perfil do Instagram",33,1535,1.02540717,0.2330303,7.69,–,–,–,1574,4.88564168,34,0,0.22617647,2.16010165,32,2.03303685,0.2403125,,,0.23697586,0.31775701,,,,,,,,1,2026-08-04,2026-08-04,
"LINS 17 KM | H-M | 18+",2026-08-03,active,adset,"Clique de 7 dias ou visualização de 1 dia","Conversas por mensagem iniciadas",4,1301,1.53036126,5.1325,20.53,–,–,–,1991,10.31140131,9,0,2.28111111,0.45203415,40,2.00904068,0.51325,,,0,,,,,,,4,4,0,2026-08-03,2026-08-03,
"Natação | Lins 17 KM | 18 + | Homens e Mulheres",2026-08-03,active,adset,"Clique de 7 dias ou visualização de 1 dia","Leads (formulário)",2,1227,1.09861451,4.365,8.73,–,–,–,1348,6.47626113,12,0,0.7275,0.89020772,17,1.2611276,0.51352941,,,0.14688427,0.26582278,,,,2,,2,2,0,2026-08-03,2026-08-03,
"Personal | Lins 17 KM | 18+ a 55 | Homens e Mulheres",2026-08-03,active,adset,"Clique de 7 dias ou visualização de 1 dia","Leads (formulário)",2,2897,1.26613738,20.745,41.49,–,–,–,3668,11.31134133,35,0,1.18542857,0.95419847,57,1.55398037,0.72789474,,,0.22655398,0.42809365,,,,2,,2,4,0,2026-08-03,2026-08-03,
"[LINS 17KM] [H-M]",2026-08-03,active,adset,"Clique de 1 dia","Visitas ao perfil do Instagram",40,1260,1.00634921,0.157,6.28,–,–,–,1268,4.95268139,37,0,0.16972973,2.91798107,35,2.76025237,0.17942857,,,0.24211356,0.33944954,,,,,,,,2,2026-08-03,2026-08-03,
"LINS 17 KM | H-M | 18+",2026-08-02,active,adset,"Clique de 7 dias ou visualização de 1 dia","Conversas por mensagem iniciadas",11,3649,1.35023294,4.88545455,53.74,–,–,–,4927,10.90724579,32,0,1.679375,0.64948244,116,2.35437386,0.46327586,,,0,,,,,,,6,11,0,2026-08-02,2026-08-02,
"Personal | Lins 17 KM | 18+ a 55 | Homens e Mulheres",2026-08-02,active,adset,"Clique de 7 dias ou visualização de 1 dia","Leads (formulário)",3,3651,1.28731854,18.46,55.38,–,–,–,4700,11.78297872,81,0,0.6837037,1.72340426,101,2.14893617,0.54831683,,,0.18510638,0.36518771,,,,3,,1,1,1,2026-08-02,2026-08-02,
"[LINS 17KM] [H-M]",2026-08-02,active,adset,"Clique de 1 dia","Visitas ao perfil do Instagram",37,1723,1.03482298,0.21702703,8.03,–,–,–,1783,4.50364554,33,0,0.24333333,1.85081324,33,1.85081324,0.24333333,,,0.21648906,0.25,,,,,,,,0,2026-08-02,2026-08-02,
"Natação | Lins 17 KM | 18 + | Homens e Mulheres",2026-08-02,active,adset,"Clique de 7 dias ou visualização de 1 dia","Leads (formulário)",1,1330,1.11353383,11.97,11.97,–,–,–,1481,8.08237677,13,0,0.92076923,0.87778528,25,1.68804862,0.4788,,,0.16272789,0.22881356,,,,1,,,,0,2026-08-02,2026-08-02,
"Personal | Lins 17 KM | 18+ a 55 | Homens e Mulheres",2026-08-01,active,adset,"Clique de 7 dias ou visualização de 1 dia","Leads (formulário)",2,3357,1.26481978,23.325,46.65,–,–,–,4246,10.98681112,50,0,0.933,1.1775789,71,1.67216203,0.65704225,,,0.23716439,0.35060976,,,,2,,,1,1,2026-08-01,2026-08-01,
"[LINS 17KM] [H-M]",2026-08-01,active,adset,"Clique de 1 dia","Visitas ao perfil do Instagram",33,1374,1.04585153,0.21636364,7.14,–,–,–,1437,4.96868476,31,0,0.23032258,2.15727209,30,2.08768267,0.238,,,0.25191371,0.32653061,,,,,,,,2,2026-08-01,2026-08-01,
"LINS 17 KM | H-M | 18+",2026-08-01,active,adset,"Clique de 7 dias ou visualização de 1 dia","Conversas por mensagem iniciadas",5,3268,1.32833537,8.03,40.15,–,–,–,4341,9.24902096,28,0,1.43392857,0.64501267,65,1.49735084,0.61769231,,,0,,,,,,,3,5,1,2026-08-01,2026-08-01,
"Natação | Lins 17 KM | 18 + | Homens e Mulheres",2026-08-01,active,adset,"Clique de 7 dias ou visualização de 1 dia","Leads (formulário)",1,1048,1.05152672,8.96,8.96,–,–,–,1102,8.13067151,8,0,1.12,0.72595281,14,1.27041742,0.64,,,0.14519056,0.24285714,,,,1,,,,0,2026-08-01,2026-08-01,
"LINS 17 KM | H-M | 18+",2026-07-31,active,adset,"Clique de 7 dias ou visualização de 1 dia","Conversas por mensagem iniciadas",5,2417,1.40587505,7.086,35.43,–,–,–,3398,10.4267216,25,0,1.4172,0.7357269,56,1.64802825,0.63267857,,,0,,,,,,,5,5,3,2026-07-31,2026-07-31,
"Natação | Lins 17 KM | 18 + | Homens e Mulheres",2026-07-31,active,adset,"Clique de 7 dias ou visualização de 1 dia","Leads (formulário)",1,955,1.10994764,9.61,9.61,–,–,–,1060,9.06603774,7,0,1.37285714,0.66037736,11,1.03773585,0.87363636,,,0.1245283,0.25,,,,1,,1,1,0,2026-07-31,2026-07-31,
"Personal | Lins 17 KM | 18+ a 55 | Homens e Mulheres",2026-07-31,active,adset,"Clique de 7 dias ou visualização de 1 dia","Leads (formulário)",4,3606,1.23544093,11.555,46.22,–,–,–,4455,10.37485971,43,0,1.07488372,0.96520763,68,1.52637486,0.67970588,,,0.21279461,0.41055718,,,,4,,2,2,4,2026-07-31,2026-07-31,
"[LINS 17KM] [H-M]",2026-07-31,active,adset,"Clique de 1 dia","Visitas ao perfil do Instagram",27,1068,1.02434457,0.24222222,6.54,–,–,–,1094,5.97806216,25,0,0.2616,2.28519196,24,2.19378428,0.2725,,,0.2714808,0.31428571,,,,,,,,0,2026-07-31,2026-07-31,
"LINS 17 KM | H-M | 18+",2026-07-30,active,adset,"Clique de 7 dias ou visualização de 1 dia","Conversas por mensagem iniciadas",2,1150,1.65391304,12.83,25.66,–,–,–,1902,13.49106204,10,0,2.566,0.52576236,28,1.4721346,0.91642857,,,0,,,,,,,1,2,0,2026-07-30,2026-07-30,
"Natação | Lins 17 KM | 18 + | Homens e Mulheres",2026-07-30,active,adset,"Clique de 7 dias ou visualização de 1 dia","Leads (formulário)",1,803,1.10460772,7.59,7.59,–,–,–,887,8.55693348,5,0,1.518,0.56369786,7,0.789177,1.08428571,,,0.1307779,0.32432432,,,,1,,,,0,2026-07-30,2026-07-30,
"Personal | Lins 17 KM | 18+ a 55 | Homens e Mulheres",2026-07-30,active,adset,"Clique de 7 dias ou visualização de 1 dia","Leads (formulário)",4,3052,1.27785059,11.045,44.18,–,–,–,3900,11.32820513,40,0,1.1045,1.02564103,65,1.66666667,0.67969231,,,0.23205128,0.47003155,,,,4,,4,4,2,2026-07-30,2026-07-30,
"[LINS 17KM] [H-M]",2026-07-30,active,adset,"Clique de 1 dia","Visitas ao perfil do Instagram",21,1124,1.01423488,0.29952381,6.29,–,–,–,1140,5.51754386,22,0,0.28590909,1.92982456,20,1.75438596,0.3145,,,0.24473684,0.35211268,,,,,,,,2,2026-07-30,2026-07-30,
"Personal | Lins 17 KM | 18+ a 55 | Homens e Mulheres",2026-07-29,active,adset,"Clique de 7 dias ou visualização de 1 dia","Leads (formulário)",2,3978,1.34188034,25.025,50.05,–,–,–,5338,9.37617085,36,0,1.39027778,0.67440989,82,1.53615586,0.61036585,,,0.20850506,0.49354005,,,,2,,2,2,4,2026-07-29,2026-07-29,
"[LINS 17KM] [H-M]",2026-07-29,active,adset,"Clique de 1 dia","Visitas ao perfil do Instagram",36,1194,1.01842546,0.18166667,6.54,–,–,–,1216,5.37828947,34,0,0.19235294,2.79605263,32,2.63157895,0.204375,,,0.26726974,0.34065934,,,,,,,,1,2026-07-29,2026-07-29,
"Natação | Lins 17 KM | 18 + | Homens e Mulheres",2026-07-29,active,adset,"Clique de 7 dias ou visualização de 1 dia",,,932,1.06866953,,8.16,–,–,–,996,8.19277108,7,0,1.16571429,0.70281124,11,1.10441767,0.74181818,,,0.13654618,0.32653061,,,,,,,,1,2026-07-29,2026-07-29,
"LINS 17 KM | H-M | 18+",2026-07-29,active,adset,"Clique de 7 dias ou visualização de 1 dia","Conversas por mensagem iniciadas",6,2486,1.48873693,7.705,46.23,–,–,–,3701,12.49121859,22,0,2.10136364,0.59443394,54,1.45906512,0.85611111,,,0,,,,,,,3,6,0,2026-07-29,2026-07-29,
"LINS 17 KM | H-M | 18+",2026-07-28,active,adset,"Clique de 7 dias ou visualização de 1 dia","Conversas por mensagem iniciadas",6,2780,1.51654676,8.36833333,50.21,–,–,–,4216,11.90939279,20,0,2.5105,0.4743833,45,1.06736243,1.11577778,,,0,,,,,,,6,6,0,2026-07-28,2026-07-28,
"Natação | Lins 17 KM | 18 + | Homens e Mulheres",2026-07-28,active,adset,"Clique de 7 dias ou visualização de 1 dia","Leads (formulário)",1,1010,1.07029703,9.24,9.24,–,–,–,1081,8.54764107,12,0,0.77,1.11008326,19,1.75763182,0.48631579,,,0.14246068,0.29411765,,,,1,,,,1,2026-07-28,2026-07-28,
"Personal | Lins 17 KM | 18+ a 55 | Homens e Mulheres",2026-07-28,active,adset,"Clique de 7 dias ou visualização de 1 dia","Leads (formulário)",5,3006,1.38755822,9.6,48,–,–,–,4171,11.50803165,42,0,1.14285714,1.00695277,70,1.67825462,0.68571429,,,0.10381204,0.43902439,,,,5,,1,1,1,2026-07-28,2026-07-28,
"[LINS 17KM] [H-M]",2026-07-28,active,adset,"Clique de 1 dia","Visitas ao perfil do Instagram",41,1299,1.02232487,0.17243902,7.07,–,–,–,1328,5.32379518,38,0,0.18605263,2.86144578,38,2.86144578,0.18605263,,,0.24849398,0.23404255,,,,,,,,3,2026-07-28,2026-07-28,
"LINS 17 KM | H-M | 18+",2026-07-27,active,adset,"Clique de 7 dias ou visualização de 1 dia","Conversas por mensagem iniciadas",1,1902,1.53312303,36.09,36.09,–,–,–,2916,12.37654321,17,0,2.12294118,0.5829904,42,1.44032922,0.85928571,,,0,,,,,,,1,1,0,2026-07-27,2026-07-27,
"Natação | Lins 17 KM | 18 + | Homens e Mulheres",2026-07-27,active,adset,"Clique de 7 dias ou visualização de 1 dia","Leads (formulário)",1,1073,1.09692451,12.19,12.19,–,–,–,1177,10.35683942,7,0,1.74142857,0.59473237,10,0.84961767,1.219,,,0.15123195,0.38028169,,,,1,,1,2,0,2026-07-27,2026-07-27,
"Personal | Lins 17 KM | 18+ a 55 | Homens e Mulheres",2026-07-27,active,adset,"Clique de 7 dias ou visualização de 1 dia","Leads (formulário)",4,3116,1.45282413,11.3975,45.59,–,–,–,4527,10.07068699,26,0,1.75346154,0.57433179,51,1.12657389,0.89392157,,,0.1539651,0.39336493,,,,4,,2,3,2,2026-07-27,2026-07-27,
"[LINS 17KM] [H-M]",2026-07-27,active,adset,"Clique de 1 dia","Visitas ao perfil do Instagram",28,1422,1.02601969,0.27107143,7.59,–,–,–,1459,5.20219328,26,0,0.29192308,1.78204249,26,1.78204249,0.29192308,,,0.23166552,0.29411765,,,,,,,,4,2026-07-27,2026-07-27,
"Personal | Lins 17 KM | 18+ a 55 | Homens e Mulheres",2026-07-26,active,adset,"Clique de 7 dias ou visualização de 1 dia","Leads (formulário)",4,3835,1.39035202,13.36,53.44,–,–,–,5332,10.02250563,42,0,1.27238095,0.78769692,76,1.42535634,0.70315789,,,0.20217554,0.43188406,,,,4,,2,2,3,2026-07-26,2026-07-26,
"[LINS 17KM] [H-M]",2026-07-26,active,adset,"Clique de 1 dia","Visitas ao perfil do Instagram",32,1547,1.00711054,0.2446875,7.83,–,–,–,1558,5.02567394,33,0,0.23727273,2.11810013,30,1.92554557,0.261,,,0.22593068,0.30909091,,,,,,,,0,2026-07-26,2026-07-26,
"Natação | Lins 17 KM | 18 + | Homens e Mulheres",2026-07-26,active,adset,"Clique de 7 dias ou visualização de 1 dia","Leads (formulário)",1,1240,1.05645161,11.01,11.01,–,–,–,1310,8.40458015,10,0,1.101,0.76335878,17,1.29770992,0.64764706,,,0.12900763,0.25,,,,1,,,,0,2026-07-26,2026-07-26,
"LINS 17 KM | H-M | 18+",2026-07-26,active,adset,"Clique de 7 dias ou visualização de 1 dia","Conversas por mensagem iniciadas",3,1961,1.29984702,11.18666667,33.56,–,–,–,2549,13.16594743,17,0,1.97411765,0.66692821,40,1.56924284,0.839,,,0,,,,,,,3,3,0,2026-07-26,2026-07-26,
"LINS 17 KM | H-M | 18+",2026-07-25,active,adset,"Clique de 7 dias ou visualização de 1 dia","Conversas por mensagem iniciadas",8,2970,1.24040404,5.42,43.36,–,–,–,3684,11.76981542,24,0,1.80666667,0.6514658,58,1.57437568,0.74758621,,,0,,,,,,,6,8,0,2026-07-25,2026-07-25,
"Natação | Lins 17 KM | 18 + | Homens e Mulheres",2026-07-25,active,adset,"Clique de 7 dias ou visualização de 1 dia","Leads (formulário)",2,1069,1.08699719,4.715,9.43,–,–,–,1162,8.11531842,8,0,1.17875,0.68846816,11,0.94664372,0.85727273,,,0.14371773,0.22972973,,,,2,,,,0,2026-07-25,2026-07-25,
"Personal | Lins 17 KM | 18+ a 55 | Homens e Mulheres",2026-07-25,active,adset,"Clique de 7 dias ou visualização de 1 dia","Leads (formulário)",6,2696,1.33642433,8.39833333,50.39,–,–,–,3603,13.98556758,41,0,1.22902439,1.13794061,60,1.66527893,0.83983333,,,0.19594782,0.39917695,,,,6,,7,7,0,2026-07-25,2026-07-25,
"[LINS 17KM] [H-M]",2026-07-25,active,adset,"Clique de 1 dia","Visitas ao perfil do Instagram",31,1203,1,0.2216129,6.87,–,–,–,1203,5.71072319,30,0,0.229,2.49376559,31,2.57689111,0.2216129,,,0.24189526,0.29268293,,,,,,,,2,2026-07-25,2026-07-25,
"LINS 17 KM | H-M | 18+",2026-07-24,active,adset,"Clique de 7 dias ou visualização de 1 dia","Conversas por mensagem iniciadas",4,3221,1.23253648,8.9075,35.63,–,–,–,3970,8.97481108,30,0,1.18766667,0.75566751,78,1.96473552,0.45679487,,,0,,,,,,,4,4,0,2026-07-24,2026-07-24,
"Natação | Lins 17 KM | 18 + | Homens e Mulheres",2026-07-24,active,adset,"Clique de 7 dias ou visualização de 1 dia",,,969,1.09391125,,8.11,–,–,–,1060,7.6509434,5,0,1.622,0.47169811,12,1.13207547,0.67583333,,,0.13490566,0.19047619,,,,,,,,0,2026-07-24,2026-07-24,
"Personal | Lins 17 KM | 18+ a 55 | Homens e Mulheres",2026-07-24,active,adset,"Clique de 7 dias ou visualização de 1 dia","Leads (formulário)",3,2907,1.53147575,16.7,50.1,–,–,–,4452,11.25336927,42,0,1.19285714,0.94339623,78,1.75202156,0.64230769,,,0.21001797,0.36656891,,,,3,,2,2,2,2026-07-24,2026-07-24,
"[LINS 17KM] [H-M]",2026-07-24,active,adset,"Clique de 1 dia","Visitas ao perfil do Instagram",22,1286,1.01010886,0.29863636,6.57,–,–,–,1299,5.05773672,22,0,0.29863636,1.69361047,22,1.69361047,0.29863636,,,0.234796,0.41052632,,,,,,,,1,2026-07-24,2026-07-24,
"[LINS 17KM] [H-M]",2026-07-23,active,adset,"Clique de 1 dia","Visitas ao perfil do Instagram",36,1180,1.03389831,0.19194444,6.91,–,–,–,1220,5.66393443,37,0,0.18675676,3.03278689,36,2.95081967,0.19194444,,,0.23032787,0.35227273,,,,,,,,1,2026-07-23,2026-07-23,
"Personal | Lins 17 KM | 18+ a 55 | Homens e Mulheres",2026-07-23,active,adset,"Clique de 7 dias ou visualização de 1 dia","Leads (formulário)",3,2709,1.3237357,13.66666667,41,–,–,–,3586,11.43335192,34,0,1.20588235,0.94813162,69,1.92414947,0.5942029,,,0.25041829,0.32743363,,,,3,,2,2,0,2026-07-23,2026-07-23,
"Natação | Lins 17 KM | 18 + | Homens e Mulheres",2026-07-23,active,adset,"Clique de 7 dias ou visualização de 1 dia",,,906,1.10927152,,8.54,–,–,–,1005,8.49751244,6,0,1.42333333,0.59701493,7,0.69651741,1.22,,,0.15422886,0.25714286,,,,,,,,1,2026-07-23,2026-07-23,
"LINS 17 KM | H-M | 18+",2026-07-23,active,adset,"Clique de 7 dias ou visualização de 1 dia","Conversas por mensagem iniciadas",5,2744,1.21793003,7.028,35.14,–,–,–,3342,10.51466188,18,0,1.95222222,0.53859964,53,1.58587672,0.66301887,,,0,,,,,,,3,5,0,2026-07-23,2026-07-23,
"LINS 17 KM | H-M | 18+",2026-07-22,active,adset,"Clique de 7 dias ou visualização de 1 dia","Conversas por mensagem iniciadas",7,3633,1.2268098,5.89142857,41.24,–,–,–,4457,9.25286067,34,0,1.21294118,0.76284496,92,2.06416872,0.44826087,,,0,,,,,,,7,7,0,2026-07-22,2026-07-22,
"Natação | Lins 17 KM | 18 + | Homens e Mulheres",2026-07-22,active,adset,"Clique de 7 dias ou visualização de 1 dia",,,1232,1.10146104,,9.66,–,–,–,1357,7.11864407,4,0,2.415,0.29476787,7,0.51584377,1.38,,,0.13043478,0.30263158,,,,,,,,1,2026-07-22,2026-07-22,
"Personal | Lins 17 KM | 18+ a 55 | Homens e Mulheres",2026-07-22,active,adset,"Clique de 7 dias ou visualização de 1 dia","Leads (formulário)",3,3451,1.25586786,15.22333333,45.67,–,–,–,4334,10.5376096,50,0,0.9134,1.15366867,85,1.96123673,0.53729412,,,0.24665436,0.34390244,,,,3,,2,2,2,2026-07-22,2026-07-22,
"[LINS 17KM] [H-M]",2026-07-22,active,adset,"Clique de 1 dia","Visitas ao perfil do Instagram",19,1229,1,0.37,7.03,–,–,–,1229,5.72009764,17,0,0.41352941,1.38323841,17,1.38323841,0.41352941,,,0.22620016,0.37931034,,,,,,,,2,2026-07-22,2026-07-22,
"LINS 17 KM | H-M | 18+",2026-07-21,active,adset,"Clique de 7 dias ou visualização de 1 dia","Conversas por mensagem iniciadas",3,3524,1.32746879,14.89333333,44.68,–,–,–,4678,9.55109021,29,0,1.54068966,0.61992304,81,1.73150919,0.55160494,,,0,,,,,,,3,3,0,2026-07-21,2026-07-21,
"Natação | Lins 17 KM | 18 + | Homens e Mulheres",2026-07-21,active,adset,"Clique de 7 dias ou visualização de 1 dia","Leads (formulário)",2,1194,1.08542714,5.23,10.46,–,–,–,1296,8.07098765,8,0,1.3075,0.61728395,10,0.77160494,1.046,,,0.13734568,0.35365854,,,,2,,2,2,0,2026-07-21,2026-07-21,
"Personal | Lins 17 KM | 18+ a 55 | Homens e Mulheres",2026-07-21,active,adset,"Clique de 7 dias ou visualização de 1 dia","Leads (formulário)",6,3427,1.24978115,8.03666667,48.22,–,–,–,4283,11.25846369,67,0,0.71970149,1.56432407,93,2.1713752,0.51849462,,,0.26383376,0.34042553,,,,6,,6,6,0,2026-07-21,2026-07-21,
"[LINS 17KM] [H-M]",2026-07-21,active,adset,"Clique de 1 dia","Visitas ao perfil do Instagram",22,1384,1.00722543,0.32090909,7.06,–,–,–,1394,5.06456241,21,0,0.33619048,1.50645624,21,1.50645624,0.33619048,,,0.22812052,0.28723404,,,,,,,,0,2026-07-21,2026-07-21,
"LINS 17 KM | H-M | 18+",2026-07-20,active,adset,"Clique de 7 dias ou visualização de 1 dia","Conversas por mensagem iniciadas",8,2578,1.40069822,4.4,35.2,–,–,–,3611,9.74799225,28,0,1.25714286,0.77540847,74,2.04929382,0.47567568,,,0,,,,,,,6,8,0,2026-07-20,2026-07-20,
"Natação | Lins 17 KM | 18 + | Homens e Mulheres",2026-07-20,active,adset,"Clique de 7 dias ou visualização de 1 dia",,,1232,1.06574675,,10.22,–,–,–,1313,7.78370145,7,0,1.46,0.53313024,12,0.91393755,0.85166667,,,0.14013709,0.35443038,,,,,,,,0,2026-07-20,2026-07-20,
"Personal | Lins 17 KM | 18+ a 55 | Homens e Mulheres",2026-07-20,active,adset,"Clique de 7 dias ou visualização de 1 dia","Leads (formulário)",3,3034,1.32135794,16.77666667,50.33,–,–,–,4009,12.55425293,47,0,1.07085106,1.17236219,85,2.12022948,0.59211765,,,0.26415565,0.41531323,,,,3,,,,2,2026-07-20,2026-07-20,
"[LINS 17KM] [H-M]",2026-07-20,active,adset,"Clique de 1 dia","Visitas ao perfil do Instagram",37,1458,1.01097394,0.19324324,7.15,–,–,–,1474,4.85074627,36,0,0.19861111,2.44233379,34,2.30664858,0.21029412,,,0.23405699,0.35185185,,,,,,,,3,2026-07-20,2026-07-20,
"[LINS 17KM] [H-M]",2026-07-19,active,adset,"Clique de 1 dia","Visitas ao perfil do Instagram",40,1518,1.04611331,0.1825,7.3,–,–,–,1588,4.59697733,39,0,0.18717949,2.4559194,39,2.4559194,0.18717949,,,0.19836272,0.35555556,,,,,,,,0,2026-07-19,2026-07-19,
"Personal | Lins 17 KM | 18+ a 55 | Homens e Mulheres",2026-07-19,active,adset,"Clique de 7 dias ou visualização de 1 dia","Leads (formulário)",3,3206,1.24048659,16.15666667,48.47,–,–,–,3977,12.18757858,47,0,1.0312766,1.18179532,92,2.31330148,0.52684783,,,0.28312799,0.43002545,,,,3,,2,2,2,2026-07-19,2026-07-19,
"Natação | Lins 17 KM | 18 + | Homens e Mulheres",2026-07-19,active,adset,"Clique de 7 dias ou visualização de 1 dia","Leads (formulário)",1,985,1.11370558,10.29,10.29,–,–,–,1097,9.38012762,6,0,1.715,0.54694622,8,0.72926162,1.28625,,,0.14585232,0.19117647,,,,1,,1,1,0,2026-07-19,2026-07-19,
"LINS 17 KM | H-M | 18+",2026-07-19,active,adset,"Clique de 7 dias ou visualização de 1 dia","Conversas por mensagem iniciadas",3,3050,1.40065574,10.53,31.59,–,–,–,4272,7.39466292,38,0,0.83131579,0.88951311,85,1.98970037,0.37164706,,,0,,,,,,,3,3,0,2026-07-19,2026-07-19,
"[LINS 17KM] [H-M]",2026-07-18,active,adset,"Clique de 1 dia","Visitas ao perfil do Instagram",24,1216,1.04358553,0.28791667,6.91,–,–,–,1269,5.44523247,22,0,0.31409091,1.73364854,22,1.73364854,0.31409091,,,0.22064618,0.34117647,,,,,,,1,0,2026-07-18,2026-07-18,
"Personal | Lins 17 KM | 18+ a 55 | Homens e Mulheres",2026-07-18,active,adset,"Clique de 7 dias ou visualização de 1 dia","Leads (formulário)",5,2544,1.27555031,8.4,42,–,–,–,3245,12.94298921,45,0,0.93333333,1.38674884,75,2.31124807,0.56,,,0.3146379,0.41573034,,,,5,,1,1,0,2026-07-18,2026-07-18,
"Natação | Lins 17 KM | 18 + | Homens e Mulheres",2026-07-18,active,adset,"Clique de 7 dias ou visualização de 1 dia","Leads (formulário)",1,788,1.04060914,6.3,6.3,–,–,–,820,7.68292683,3,0,2.1,0.36585366,8,0.97560976,0.7875,,,0.17195122,0.27272727,,,,1,,1,1,0,2026-07-18,2026-07-18,
"LINS 17 KM | H-M | 18+",2026-07-18,active,adset,"Clique de 7 dias ou visualização de 1 dia","Conversas por mensagem iniciadas",3,2068,1.40425532,9.68,29.04,–,–,–,2904,10,23,0,1.2626087,0.79201102,46,1.58402204,0.63130435,,,0,,,,,,,3,3,0,2026-07-18,2026-07-18,
"LINS 17 KM | H-M | 18+",2026-07-17,active,adset,"Clique de 7 dias ou visualização de 1 dia",,,2360,1.30677966,,31.85,–,–,–,3084,10.32749676,14,0,2.275,0.4539559,45,1.45914397,0.70777778,,,0,,,,,,,,,0,2026-07-17,2026-07-17,
"Natação | Lins 17 KM | 18 + | Homens e Mulheres",2026-07-17,active,adset,"Clique de 7 dias ou visualização de 1 dia","Leads (formulário)",1,1066,1.11350844,9.97,9.97,–,–,–,1187,8.39932603,3,0,3.32333333,0.25273799,8,0.67396799,1.24625,,,0.16175232,0.25316456,,,,1,,1,1,0,2026-07-17,2026-07-17,
"Personal | Lins 17 KM | 18+ a 55 | Homens e Mulheres",2026-07-17,active,adset,"Clique de 7 dias ou visualização de 1 dia","Leads (formulário)",5,3163,1.21941195,9.57,47.85,–,–,–,3857,12.40601504,42,0,1.13928571,1.08892922,86,2.22971221,0.55639535,1,47.85,0.29582577,0.42424242,,,,5,,3,3,0,2026-07-17,2026-07-17,
"[LINS 17KM] [H-M]",2026-07-17,active,adset,"Clique de 1 dia","Visitas ao perfil do Instagram",35,1294,1.00772798,0.20885714,7.31,–,–,–,1304,5.60582822,33,0,0.22151515,2.53067485,33,2.53067485,0.22151515,,,0.22622699,0.30681818,,,,,,,,4,2026-07-17,2026-07-17,
"LINS 17 KM | H-M | 18+",2026-07-16,active,adset,"Clique de 7 dias ou visualização de 1 dia","Conversas por mensagem iniciadas",5,2402,1.32223147,6.426,32.13,–,–,–,3176,10.11649874,19,0,1.69105263,0.59823678,70,2.20403023,0.459,,,0,,,,,,,5,5,0,2026-07-16,2026-07-16,
"Natação | Lins 17 KM | 18 + | Homens e Mulheres",2026-07-16,active,adset,"Clique de 7 dias ou visualização de 1 dia","Leads (formulário)",3,1100,1.11363636,3.64666667,10.94,–,–,–,1225,8.93061224,8,0,1.3675,0.65306122,17,1.3877551,0.64352941,,,0.15755102,0.28205128,,,,3,,,,0,2026-07-16,2026-07-16,
"Personal | Lins 17 KM | 18+ a 55 | Homens e Mulheres",2026-07-16,active,adset,"Clique de 7 dias ou visualização de 1 dia","Leads (formulário)",8,3322,1.18603251,6.0675,48.54,–,–,–,3940,12.31979695,37,0,1.31189189,0.93908629,68,1.72588832,0.71382353,,,0.23781726,0.33007335,,,,8,,3,3,2,2026-07-16,2026-07-16,
"[LINS 17KM] [H-M]",2026-07-16,active,adset,"Clique de 1 dia","Visitas ao perfil do Instagram",18,1556,1.02506427,0.41,7.38,–,–,–,1595,4.62695925,19,0,0.38842105,1.19122257,19,1.19122257,0.38842105,,,0.18557994,0.31818182,,,,,,,,1,2026-07-16,2026-07-16,
"Personal | Lins 17 KM | 18+ a 55 | Homens e Mulheres",2026-07-15,active,adset,"Clique de 7 dias ou visualização de 1 dia","Leads (formulário)",3,2613,1.25832377,12.31666667,36.95,–,–,–,3288,11.23783455,24,0,1.53958333,0.72992701,45,1.36861314,0.82111111,,,0.23327251,0.3474026,,,,3,,3,3,1,2026-07-15,2026-07-15,
"[LINS 17KM] [H-M]",2026-07-15,active,adset,"Clique de 1 dia","Visitas ao perfil do Instagram",33,1507,1.02256138,0.20909091,6.9,–,–,–,1541,4.47761194,32,0,0.215625,2.07657365,31,2.01168073,0.22258065,,,0.2128488,0.23595506,,,,,,,,1,2026-07-15,2026-07-15,
"Natação | Lins 17 KM | 18 + | Homens e Mulheres",2026-07-15,active,adset,"Clique de 7 dias ou visualização de 1 dia","Leads (formulário)",2,850,1.12705882,4.45,8.9,–,–,–,958,9.29018789,7,0,1.27142857,0.73068894,15,1.565762,0.59333333,,,0.15240084,0.31506849,,,,2,,1,2,0,2026-07-15,2026-07-15,
"LINS 17 KM | H-M | 18+",2026-07-15,active,adset,"Clique de 7 dias ou visualização de 1 dia","Conversas por mensagem iniciadas",3,3678,1.2822186,12.74333333,38.23,–,–,–,4716,8.10644614,28,0,1.36535714,0.59372349,98,2.07803223,0.39010204,,,0,,,,,,,2,3,0,2026-07-15,2026-07-15,
"LINS 17 KM | H-M | 18+",2026-07-14,active,adset,"Clique de 7 dias ou visualização de 1 dia","Conversas por mensagem iniciadas",7,4203,1.3480847,7.71285714,53.99,–,–,–,5666,9.52876809,40,0,1.34975,0.70596541,118,2.08259795,0.45754237,,,0,,,,,,,6,7,1,2026-07-14,2026-07-14,
"Natação | Lins 17 KM | 18 + | Homens e Mulheres",2026-07-14,active,adset,"Clique de 7 dias ou visualização de 1 dia","Leads (formulário)",1,971,1.06179197,8.58,8.58,–,–,–,1031,8.32201746,6,0,1.43,0.58195926,15,1.45489816,0.572,,,0.15518914,0.25862069,,,,1,,1,1,0,2026-07-14,2026-07-14,
"Personal | Lins 17 KM | 18+ a 55 | Homens e Mulheres",2026-07-14,active,adset,"Clique de 7 dias ou visualização de 1 dia","Leads (formulário)",3,3572,1.2743561,13.23666667,39.71,–,–,–,4552,8.72363796,30,0,1.32366667,0.65905097,67,1.47188049,0.59268657,,,0.23088752,0.3325,,,,3,,2,2,2,2026-07-14,2026-07-14,
"[LINS 17KM] [H-M]",2026-07-14,active,adset,"Clique de 1 dia","Visitas ao perfil do Instagram",25,1617,1.02226345,0.2404,6.01,–,–,–,1653,3.63581367,25,0,0.2404,1.51240169,25,1.51240169,0.2404,,,0.20084694,0.35526316,,,,,,,,0,2026-07-14,2026-07-14,
"LINS 17 KM | H-M | 18+",2026-07-13,active,adset,"Clique de 7 dias ou visualização de 1 dia","Conversas por mensagem iniciadas",8,3117,1.24286173,4.79125,38.33,–,–,–,3874,9.89416624,26,0,1.47423077,0.67114094,66,1.70366546,0.58075758,,,0,,,,,,,7,8,0,2026-07-13,2026-07-13,
"Natação | Lins 17 KM | 18 + | Homens e Mulheres",2026-07-13,active,adset,"Clique de 7 dias ou visualização de 1 dia",,,1194,1.06532663,,10.3,–,–,–,1272,8.09748428,10,0,1.03,0.78616352,12,0.94339623,0.85833333,,,0.14150943,0.23636364,,,,,,,,0,2026-07-13,2026-07-13,
"Personal | Lins 17 KM | 18+ a 55 | Homens e Mulheres",2026-07-13,active,adset,"Clique de 7 dias ou visualização de 1 dia","Leads (formulário)",8,4394,1.53186163,8.1025,64.82,–,–,–,6731,9.63006983,49,0,1.32285714,0.72797504,85,1.26281385,0.76258824,,,0.21244986,0.35036496,,,,8,,6,6,2,2026-07-13,2026-07-13,
"[LINS 17KM] [H-M]",2026-07-13,active,adset,"Clique de 1 dia","Visitas ao perfil do Instagram",31,1657,1.02595051,0.23322581,7.23,–,–,–,1700,4.25294118,28,0,0.25821429,1.64705882,28,1.64705882,0.25821429,,,0.20705882,0.31092437,,,,,,,,0,2026-07-13,2026-07-13,
"LINS 17 KM | H-M | 18+",2026-07-12,active,adset,"Clique de 7 dias ou visualização de 1 dia","Conversas por mensagem iniciadas",3,3203,1.39244458,14.50666667,43.52,–,–,–,4460,9.75784753,28,0,1.55428571,0.62780269,102,2.28699552,0.42666667,,,0,,,,,,,2,3,0,2026-07-12,2026-07-12,
"Natação | Lins 17 KM | 18 + | Homens e Mulheres",2026-07-12,active,adset,"Clique de 7 dias ou visualização de 1 dia","Leads (formulário)",3,1522,1.08015769,3.87,11.61,–,–,–,1644,7.0620438,12,0,0.9675,0.72992701,20,1.21654501,0.5805,,,0.15450122,0.19117647,,,,3,,,,0,2026-07-12,2026-07-12,
"Personal | Lins 17 KM | 18+ a 55 | Homens e Mulheres",2026-07-12,active,adset,"Clique de 7 dias ou visualização de 1 dia","Leads (formulário)",4,3875,1.33419355,13.555,54.22,–,–,–,5170,10.48742747,60,0,0.90366667,1.16054159,98,1.89555126,0.55326531,,,0.20676983,0.38684211,,,,4,,2,2,1,2026-07-12,2026-07-12,
"[LINS 17KM] [H-M]",2026-07-12,active,adset,"Clique de 1 dia","Visitas ao perfil do Instagram",31,1586,1.08259773,0.23322581,7.23,–,–,–,1717,4.21083285,30,0,0.241,1.74723355,30,1.74723355,0.241,,,0.19918462,0.31775701,,,,,,,,1,2026-07-12,2026-07-12,
"Personal | Lins 17 KM | 18+ a 55 | Homens e Mulheres",2026-07-11,active,adset,"Clique de 7 dias ou visualização de 1 dia","Leads (formulário)",7,3191,1.19774365,8.50571429,59.54,–,–,–,3822,15.57823129,55,0,1.08254545,1.43903715,89,2.32862376,0.66898876,,,0.19335426,0.39426523,,,,7,,5,6,1,2026-07-11,2026-07-11,
"[LINS 17KM] [H-M]",2026-07-11,active,adset,"Clique de 1 dia","Visitas ao perfil do Instagram",35,1621,1.00246761,0.19657143,6.88,–,–,–,1625,4.23384615,35,0,0.19657143,2.15384615,33,2.03076923,0.20848485,,,0.24,0.35185185,,,,,,,,2,2026-07-11,2026-07-11,
"Natação | Lins 17 KM | 18 + | Homens e Mulheres",2026-07-11,active,adset,"Clique de 7 dias ou visualização de 1 dia",,,660,1.04090909,,7.45,–,–,–,687,10.84425036,3,0,2.48333333,0.43668122,3,0.43668122,2.48333333,,,0.16739447,0.375,,,,,,,,0,2026-07-11,2026-07-11,
"LINS 17 KM | H-M | 18+",2026-07-11,active,adset,"Clique de 7 dias ou visualização de 1 dia","Conversas por mensagem iniciadas",9,2633,1.26357767,3.09,27.81,–,–,–,3327,8.35888188,25,0,1.1124,0.75142771,58,1.74331229,0.47948276,,,0,,,,,,,7,9,0,2026-07-11,2026-07-11,
"LINS 17 KM | H-M | 18+",2026-07-10,active,adset,"Clique de 7 dias ou visualização de 1 dia","Conversas por mensagem iniciadas",2,2013,1.33134625,13.74,27.48,–,–,–,2680,10.25373134,19,0,1.44631579,0.70895522,50,1.86567164,0.5496,,,0,,,,,,,2,2,0,2026-07-10,2026-07-10,
"Natação | Lins 17 KM | 18 + | Homens e Mulheres",2026-07-10,active,adset,"Clique de 7 dias ou visualização de 1 dia",,,744,1.07795699,,10.96,–,–,–,802,13.66583541,9,0,1.21777778,1.12219451,12,1.49625935,0.91333333,,,0.18204489,0.35555556,,,,,,,,0,2026-07-10,2026-07-10,
"Personal | Lins 17 KM | 18+ a 55 | Homens e Mulheres",2026-07-10,active,adset,"Clique de 7 dias ou visualização de 1 dia","Leads (formulário)",1,2930,1.19351536,44.26,44.26,–,–,–,3497,12.65656277,16,0,2.76625,0.45753503,36,1.02945382,1.22944444,,,0.19874178,0.41338583,,,,1,,2,2,1,2026-07-10,2026-07-10,
"[LINS 17KM] [H-M]",2026-07-10,active,adset,"Clique de 1 dia","Visitas ao perfil do Instagram",34,1416,1.00353107,0.20117647,6.84,–,–,–,1421,4.81351161,33,0,0.20727273,2.32230823,31,2.18156228,0.22064516,,,0.2434905,0.34821429,,,,,,,,1,2026-07-10,2026-07-10,
"LINS 17 KM | H-M | 18+",2026-07-09,active,adset,"Clique de 7 dias ou visualização de 1 dia","Conversas por mensagem iniciadas",5,2227,1.36686125,5.996,29.98,–,–,–,3044,9.84888305,18,0,1.66555556,0.5913272,62,2.03679369,0.48354839,,,0.00295664,0.33333333,,,,,,4,5,1,2026-07-09,2026-07-09,
"Natação | Lins 17 KM | 18 + | Homens e Mulheres",2026-07-09,active,adset,"Clique de 7 dias ou visualização de 1 dia",,,964,1.07987552,,9.71,–,–,–,1041,9.32756964,9,0,1.07888889,0.86455331,14,1.34486071,0.69357143,,,0.15465898,0.19512195,,,,,,,,0,2026-07-09,2026-07-09,
"Personal | Lins 17 KM | 18+ a 55 | Homens e Mulheres",2026-07-09,active,adset,"Clique de 7 dias ou visualização de 1 dia","Leads (formulário)",9,3262,1.19895769,5.97666667,53.79,–,–,–,3911,13.75351572,31,0,1.73516129,0.79263615,64,1.63641013,0.84046875,,,0.20071593,0.42809365,,,,9,,3,3,0,2026-07-09,2026-07-09,
"[LINS 17KM] [H-M]",2026-07-09,active,adset,"Clique de 1 dia","Visitas ao perfil do Instagram",32,1388,1.05403458,0.220625,7.06,–,–,–,1463,4.82570062,31,0,0.22774194,2.1189337,31,2.1189337,0.22774194,,,0.25700615,0.28318584,,,,,,,,2,2026-07-09,2026-07-09,
"[LINS 17KM] [H-M]",2026-07-08,active,adset,"Clique de 1 dia","Visitas ao perfil do Instagram",48,1065,1,0.13791667,6.62,–,–,–,1065,6.21596244,48,0,0.13791667,4.50704225,47,4.41314554,0.14085106,,,0.27981221,0.50943396,,,,,,,,2,2026-07-08,2026-07-08,
"Personal | Lins 17 KM | 18+ a 55 | Homens e Mulheres",2026-07-08,active,adset,"Clique de 7 dias ou visualização de 1 dia","Leads (formulário)",5,2996,1.28137517,9.784,48.92,–,–,–,3839,12.7429018,21,0,2.32952381,0.54701745,39,1.01588955,1.25435897,,,0.19562386,0.42553191,,,,5,,4,4,1,2026-07-08,2026-07-08,
"Natação | Lins 17 KM | 18 + | Homens e Mulheres",2026-07-08,active,adset,"Clique de 7 dias ou visualização de 1 dia",,,1044,1.11206897,,10.12,–,–,–,1161,8.7166236,6,0,1.68666667,0.51679587,9,0.7751938,1.12444444,,,0.16106804,0.29090909,,,,,,1,1,1,2026-07-08,2026-07-08,
"LINS 17 KM | H-M | 18+",2026-07-08,active,adset,"Clique de 7 dias ou visualização de 1 dia","Conversas por mensagem iniciadas",4,3597,1.38698916,14.36,57.44,–,–,–,4989,11.51332932,23,0,2.4973913,0.46101423,101,2.0244538,0.56871287,,,0.14010824,0.43731778,,,,,,2,4,0,2026-07-08,2026-07-08,
"LINS 17 KM | H-M | 18+",2026-07-07,active,adset,"Clique de 7 dias ou visualização de 1 dia","Conversas por mensagem iniciadas",6,3683,1.24083627,10,60,–,–,–,4570,13.12910284,18,0,3.33333333,0.39387309,102,2.23194748,0.58823529,,,0.20284464,0.38313253,,,,,,4,6,2,2026-07-07,2026-07-07,
"Natação | Lins 17 KM | 18 + | Homens e Mulheres",2026-07-07,active,adset,"Clique de 7 dias ou visualização de 1 dia","Leads (formulário)",1,1005,1.12338308,8.83,8.83,–,–,–,1129,7.8210806,9,0,0.98111111,0.79716563,15,1.32860939,0.58866667,,,0.15057573,0.25,,,,1,,1,1,0,2026-07-07,2026-07-07,
"Personal | Lins 17 KM | 18+ a 55 | Homens e Mulheres",2026-07-07,active,adset,"Clique de 7 dias ou visualização de 1 dia","Leads (formulário)",5,2799,1.31225438,8.844,44.22,–,–,–,3673,12.03920501,29,0,1.52482759,0.78954533,61,1.66076776,0.72491803,,,0.19466376,0.4204947,,,,5,,4,4,1,2026-07-07,2026-07-07,
"[LINS 17KM] [H-M]",2026-07-07,active,adset,"Clique de 1 dia","Visitas ao perfil do Instagram",21,1203,1.0315877,0.30857143,6.48,–,–,–,1241,5.22159549,21,0,0.30857143,1.69218372,21,1.69218372,0.30857143,,,0.29492345,0.35483871,,,,,,,,0,2026-07-07,2026-07-07,
"LINS 17 KM | H-M | 18+",2026-07-06,active,adset,"Clique de 7 dias ou visualização de 1 dia","Conversas por mensagem iniciadas",2,2140,1.32663551,15.895,31.79,–,–,–,2839,11.19760479,13,0,2.44538462,0.45790771,44,1.54984149,0.7225,,,0.11588588,0.41212121,,,,,,2,2,0,2026-07-06,2026-07-06,
"Natação | Lins 17 KM | 18 + | Homens e Mulheres",2026-07-06,active,adset,"Clique de 7 dias ou visualização de 1 dia",,,1031,1.11833172,,10.09,–,–,–,1153,8.75108413,6,0,1.68166667,0.52038161,8,0.69384215,1.26125,,,0.15264527,0.37254902,,,,,,,,0,2026-07-06,2026-07-06,
"Personal | Lins 17 KM | 18+ a 55 | Homens e Mulheres",2026-07-06,active,adset,"Clique de 7 dias ou visualização de 1 dia","Leads (formulário)",1,2108,1.25664137,37.89,37.89,–,–,–,2649,14.30351076,22,0,1.72227273,0.83050208,31,1.17025293,1.22225806,,,0.19592299,0.46794872,,,,1,,,,0,2026-07-06,2026-07-06,
"[LINS 17KM] [H-M]",2026-07-06,active,adset,"Clique de 1 dia","Visitas ao perfil do Instagram",54,1136,1.04225352,0.14111111,7.62,–,–,–,1184,6.43581081,51,0,0.14941176,4.30743243,53,4.47635135,0.14377358,,,0.34459459,0.50666667,,,,,,,,3,2026-07-06,2026-07-06,
"[LINS 17KM] [H-M]",2026-07-05,active,adset,"Clique de 1 dia","Visitas ao perfil do Instagram",39,1366,1.02489019,0.18820513,7.34,–,–,–,1400,5.24285714,39,0,0.18820513,2.78571429,41,2.92857143,0.17902439,,,0.33428571,0.44375,,,,,,,,3,2026-07-05,2026-07-05,
"LINS 17 KM | H-M | 18+",2026-07-05,active,adset,"Clique de 7 dias ou visualização de 1 dia","Conversas por mensagem iniciadas",1,2740,1.25766423,32.32,32.32,–,–,–,3446,9.37899013,15,0,2.15466667,0.43528729,56,1.62507255,0.57714286,,,0.10243761,0.4,,,,,,,1,1,2026-07-05,2026-07-05,
"Natação | Lins 17 KM | 18 + | Homens e Mulheres",2026-07-05,active,adset,"Clique de 7 dias ou visualização de 1 dia","Leads (formulário)",1,1008,1.07539683,9.08,9.08,–,–,–,1084,8.37638376,8,0,1.135,0.73800738,16,1.47601476,0.5675,,,0.13376384,0.34285714,,,,1,,1,1,0,2026-07-05,2026-07-05,
"Personal | Lins 17 KM | 18+ a 55 | Homens e Mulheres",2026-07-05,active,adset,"Clique de 7 dias ou visualização de 1 dia","Leads (formulário)",1,2425,1.14515464,45.51,45.51,–,–,–,2777,16.38818869,22,0,2.06863636,0.79222182,39,1.40439323,1.16692308,,,0.19697515,0.44516129,,,,1,,,,3,2026-07-05,2026-07-05,
"Personal | Lins 17 KM | 18+ a 55 | Homens e Mulheres",2026-07-04,active,adset,"Clique de 7 dias ou visualização de 1 dia","Leads (formulário)",5,1960,1.22142857,8.632,43.16,–,–,–,2394,18.02840434,33,0,1.30787879,1.37844612,52,2.17209691,0.83,,,0.24101921,0.50802139,,,,5,,2,2,1,2026-07-04,2026-07-04,
"[LINS 17KM] [H-M]",2026-07-04,active,adset,"Clique de 1 dia","Visitas ao perfil do Instagram",33,1218,1.04269294,0.20757576,6.85,–,–,–,1270,5.39370079,36,0,0.19027778,2.83464567,37,2.91338583,0.18513514,1,6.85,0.28897638,0.3037037,,,,,,,,0,2026-07-04,2026-07-04,
"LINS 17 KM | H-M | 18+",2026-07-04,active,adset,"Clique de 7 dias ou visualização de 1 dia","Conversas por mensagem iniciadas",6,2474,1.25383994,4.645,27.87,–,–,–,3102,8.98452611,17,0,1.63941176,0.54803353,60,1.93423598,0.4645,,,0.15764023,0.41666667,,,,,,6,6,1,2026-07-04,2026-07-04,
"Natação | Lins 17 KM | 18 + | Homens e Mulheres",2026-07-04,active,adset,"Clique de 7 dias ou visualização de 1 dia","Leads (formulário)",1,801,1.06866417,8.08,8.08,–,–,–,856,9.43925234,6,0,1.34666667,0.70093458,10,1.1682243,0.808,,,0.15420561,0.2972973,,,,1,,1,1,0,2026-07-04,2026-07-04,
"LINS 17 KM | H-M | 18+",2026-07-03,active,adset,"Clique de 7 dias ou visualização de 1 dia","Conversas por mensagem iniciadas",9,2062,1.26382153,3.50111111,31.51,–,–,–,2606,12.09132771,20,0,1.5755,0.76745971,64,2.45587107,0.49234375,,,0.25211051,0.44510386,,,,,,7,9,0,2026-07-03,2026-07-03,
"Natação | Lins 17 KM | 18 + | Homens e Mulheres",2026-07-03,active,adset,"Clique de 7 dias ou visualização de 1 dia",,,1018,1.11394892,,8.94,–,–,–,1134,7.88359788,2,0,4.47,0.17636684,7,0.61728395,1.27714286,,,0.11022928,0.48571429,,,,,,,,0,2026-07-03,2026-07-03,
"Personal | Lins 17 KM | 18+ a 55 | Homens e Mulheres",2026-07-03,active,adset,"Clique de 7 dias ou visualização de 1 dia","Leads (formulário)",5,2048,1.28808594,8.228,41.14,–,–,–,2638,15.59514784,39,0,1.05487179,1.47839272,61,2.31235785,0.67442623,,,0.21190296,0.52941176,,,,5,,5,5,3,2026-07-03,2026-07-03,
"[LINS 17KM] [H-M]",2026-07-03,active,adset,"Clique de 1 dia","Visitas ao perfil do Instagram",27,1177,1.02463891,0.23814815,6.43,–,–,–,1206,5.33167496,28,0,0.22964286,2.32172471,29,2.40464345,0.22172414,,,0.30182421,0.32231405,,,,,,,,1,2026-07-03,2026-07-03,
"LINS 17 KM | H-M | 18+",2026-07-02,active,adset,"Clique de 7 dias ou visualização de 1 dia","Conversas por mensagem iniciadas",5,2984,1.31300268,9.176,45.88,–,–,–,3918,11.71005615,12,0,3.82333333,0.30627871,76,1.93976519,0.60368421,,,0.20801429,0.45714286,,,,,,4,5,1,2026-07-02,2026-07-02,
"Natação | Lins 17 KM | 18 + | Homens e Mulheres",2026-07-02,active,adset,"Clique de 7 dias ou visualização de 1 dia",,,1031,1.1057226,,8.73,–,–,–,1140,7.65789474,6,0,1.455,0.52631579,13,1.14035088,0.67153846,,,0.12368421,0.41860465,,,,,,,,0,2026-07-02,2026-07-02,
"Personal | Lins 17 KM | 18+ a 55 | Homens e Mulheres",2026-07-02,active,adset,"Clique de 7 dias ou visualização de 1 dia","Leads (formulário)",3,2387,1.26728111,11.30666667,33.92,–,–,–,3025,11.21322314,25,0,1.3568,0.82644628,42,1.38842975,0.80761905,,,0.17322314,0.45303867,,,,3,,1,1,1,2026-07-02,2026-07-02,
"[LINS 17KM] [H-M]",2026-07-02,active,adset,"Clique de 1 dia","Visitas ao perfil do Instagram",29,1314,1.02054795,0.23896552,6.93,–,–,–,1341,5.16778523,29,0,0.23896552,2.16256525,31,2.31170768,0.22354839,,,0.2699478,0.33628319,,,,,,,,1,2026-07-02,2026-07-02,
"Personal | Lins 17 KM | 18+ a 55 | Homens e Mulheres",2026-07-01,active,adset,"Clique de 7 dias ou visualização de 1 dia","Leads (formulário)",2,4265,1.25720985,21.96,43.92,–,–,–,5362,8.19097352,25,0,1.7568,0.46624394,66,1.230884,0.66545455,,,0.18873555,0.43896104,,,,2,,1,1,1,2026-07-01,2026-07-01,
"[LINS 17KM] [H-M]",2026-07-01,active,adset,"Clique de 1 dia","Visitas ao perfil do Instagram",35,1288,1.04891304,0.204,7.14,–,–,–,1351,5.28497409,34,0,0.21,2.51665433,36,2.66469282,0.19833333,,,0.28867506,0.33870968,,,,,,,,1,2026-07-01,2026-07-01,
"Natação | Lins 17 KM | 18 + | Homens e Mulheres",2026-07-01,active,adset,"Clique de 7 dias ou visualização de 1 dia","Leads (formulário)",1,1169,1.13857998,10,10,–,–,–,1331,7.51314801,4,0,2.5,0.30052592,12,0.90157776,0.83333333,,,0.12021037,0.1,,,,1,,1,1,0,2026-07-01,2026-07-01,
"LINS 17 KM | H-M | 18+",2026-07-01,active,adset,"Clique de 7 dias ou visualização de 1 dia","Conversas por mensagem iniciadas",2,2275,1.40263736,20.99,41.98,–,–,–,3191,13.15575055,18,0,2.33222222,0.56408649,56,1.75493576,0.74964286,,,0.15637731,0.45454545,,,,,,1,2,1,2026-07-01,2026-07-01,
"LINS 17 KM | H-M | 18+",2026-06-30,active,adset,"Clique de 7 dias ou visualização de 1 dia","Conversas por mensagem iniciadas",4,3438,1.45317045,13.545,54.18,–,–,–,4996,10.84467574,25,0,2.1672,0.50040032,82,1.64131305,0.66073171,,,0.06465172,0.49425287,,,,,,1,4,2,2026-06-30,2026-06-30,
"Natação | Lins 17 KM | 18 + | Homens e Mulheres",2026-06-30,active,adset,"Clique de 7 dias ou visualização de 1 dia","Leads (formulário)",2,1164,1.14690722,5.73,11.46,–,–,–,1335,8.58426966,11,0,1.04181818,0.82397004,17,1.27340824,0.67411765,,,0.13258427,0.36111111,,,,2,,1,1,0,2026-06-30,2026-06-30,
"Personal | Lins 17 KM | 18+ a 55 | Homens e Mulheres",2026-06-30,active,adset,"Clique de 7 dias ou visualização de 1 dia","Leads (formulário)",5,4025,1.31403727,10.832,54.16,–,–,–,5289,10.24012101,33,0,1.64121212,0.62393647,73,1.3802231,0.74191781,,,0.19871431,0.46666667,,,,5,,1,1,5,2026-06-30,2026-06-30,
"[LINS 17KM] [H-M]",2026-06-30,active,adset,"Clique de 1 dia","Visitas ao perfil do Instagram",32,1299,1.02155504,0.22375,7.16,–,–,–,1327,5.39562924,35,0,0.20457143,2.63752826,38,2.86360211,0.18842105,,,0.28183873,0.2704918,,,,,,,,0,2026-06-30,2026-06-30,
"LINS 17 KM | H-M | 18+",2026-06-29,active,adset,"Clique de 7 dias ou visualização de 1 dia","Conversas por mensagem iniciadas",3,1784,1.53026906,9.25,27.75,–,–,–,2730,10.16483516,11,0,2.52272727,0.4029304,28,1.02564103,0.99107143,,,0.01025641,0.47058824,,,,,,1,3,0,2026-06-29,2026-06-29,
"Natação | Lins 17 KM | 18 + | Homens e Mulheres",2026-06-29,active,adset,"Clique de 7 dias ou visualização de 1 dia","Leads (formulário)",2,1171,1.09393681,5.255,10.51,–,–,–,1281,8.20452771,10,0,1.051,0.78064012,16,1.2490242,0.656875,,,0.11943794,0.275,,,,2,,1,1,0,2026-06-29,2026-06-29,
"Personal | Lins 17 KM | 18+ a 55 | Homens e Mulheres",2026-06-29,active,adset,"Clique de 7 dias ou visualização de 1 dia","Leads (formulário)",4,4507,1.44552918,16.035,64.14,–,–,–,6515,9.84497314,53,0,1.21018868,0.81350729,85,1.3046815,0.75458824,,,0.17052955,0.44352617,,,,4,,4,4,1,2026-06-29,2026-06-29,
"[LINS 17KM] [H-M]",2026-06-29,active,adset,"Clique de 1 dia","Visitas ao perfil do Instagram",37,1286,1,0.18324324,6.78,–,–,–,1286,5.27216174,36,0,0.18833333,2.79937792,40,3.11041991,0.1695,,,0.281493,0.38679245,,,,,,,,1,2026-06-29,2026-06-29,
"LINS 17 KM | H-M | 18+",2026-06-28,active,adset,"Clique de 7 dias ou visualização de 1 dia","Conversas por mensagem iniciadas",1,2793,1.32581454,36.77,36.77,–,–,–,3703,9.92978666,23,0,1.59869565,0.62111801,57,1.53929247,0.64508772,,,0.02943559,0.5483871,,,,,,1,1,0,2026-06-28,2026-06-28,
"Natação | Lins 17 KM | 18 + | Homens e Mulheres",2026-06-28,active,adset,"Clique de 7 dias ou visualização de 1 dia",,,1014,1.09960552,,8.86,–,–,–,1115,7.94618834,7,0,1.26571429,0.62780269,11,0.98654709,0.80545455,,,0.1058296,0.31578947,,,,,,,,0,2026-06-28,2026-06-28,
"Personal | Lins 17 KM | 18+ a 55 | Homens e Mulheres",2026-06-28,active,adset,"Clique de 7 dias ou visualização de 1 dia","Leads (formulário)",4,1869,1.31193151,13.3075,53.23,–,–,–,2452,21.70880914,62,0,0.85854839,2.52854812,91,3.71125612,0.58494505,,,0.28058728,0.30044843,,,,4,,,,0,2026-06-28,2026-06-28,
"[LINS 17KM] [H-M]",2026-06-28,active,adset,"Clique de 1 dia","Visitas ao perfil do Instagram",34,1426,1,0.22676471,7.71,–,–,–,1426,5.40673212,33,0,0.23363636,2.3141655,35,2.45441795,0.22028571,,,0.2769986,0.37226277,,,,,,,,1,2026-06-28,2026-06-28,
"Hidro | WhatsApp | Lins 17 KM | 18+ | Homens e Mulheres",2026-06-27,not_delivering,adset,"Clique de 7 dias ou visualização de 1 dia","Conversas por mensagem iniciadas",1,0,0,0,0,–,–,–,0,,,0,,,0,,,,,,,,,,,,,1,0,2026-06-27,2026-06-27,
"[LINS 17KM] [H-M]",2026-06-27,active,adset,"Clique de 1 dia","Visitas ao perfil do Instagram",41,1103,1.00453309,0.15707317,6.44,–,–,–,1108,5.81227437,37,0,0.17405405,3.33935018,40,3.6101083,0.161,,,0.29783394,0.44736842,,,,,,,,4,2026-06-27,2026-06-27,
"LINS 17 KM | H-M | 18+",2026-06-27,active,adset,"Clique de 7 dias ou visualização de 1 dia","Conversas por mensagem iniciadas",6,1155,1.42597403,2.925,17.55,–,–,–,1647,10.6557377,17,0,1.03235294,1.03217972,29,1.76077717,0.60517241,,,0.02003643,0.6,,,,,,5,6,0,2026-06-27,2026-06-27,
"Personal | Lins 17 KM | 18+ a 55 | Homens e Mulheres",2026-06-27,active,adset,"Clique de 7 dias ou visualização de 1 dia","Leads (formulário)",1,2022,1.35113749,51.2,51.2,–,–,–,2732,18.74084919,46,0,1.11304348,1.68374817,59,2.15959004,0.86779661,,,0.33199122,0.27542373,,,,1,,,,0,2026-06-27,2026-06-27,
"Natação | Lins 17 KM | 18 + | Homens e Mulheres",2026-06-27,active,adset,"Clique de 7 dias ou visualização de 1 dia",,,560,1.11071429,,6.11,–,–,–,622,9.82315113,8,0,0.76375,1.28617363,11,1.76848875,0.55545455,,,0.15594855,0.425,,,,,,,,0,2026-06-27,2026-06-27,
"LINS 17 KM | H-M | 18+",2026-06-26,active,adset,"Clique de 7 dias ou visualização de 1 dia","Conversas por mensagem iniciadas",1,1478,1.32341001,22.22,22.22,–,–,–,1956,11.3599182,11,0,2.02,0.56237219,26,1.32924335,0.85461538,,,0.11042945,0.3373494,,,,,,1,1,1,2026-06-26,2026-06-26,
"Natação | Lins 17 KM | 18 + | Homens e Mulheres",2026-06-26,active,adset,"Clique de 7 dias ou visualização de 1 dia","Leads (formulário)",1,699,1.07439199,7.2,7.2,–,–,–,751,9.58721704,5,0,1.44,0.66577896,7,0.93209055,1.02857143,,,0.15712383,0.375,,,,1,,1,1,0,2026-06-26,2026-06-26,
"Personal | Lins 17 KM | 18+ a 55 | Homens e Mulheres",2026-06-26,active,adset,"Clique de 7 dias ou visualização de 1 dia","Leads (formulário)",2,1688,1.33708531,21.155,42.31,–,–,–,2257,18.74612317,41,0,1.03195122,1.81657067,63,2.79131591,0.6715873,,,0.23881258,0.39306358,,,,2,,2,2,0,2026-06-26,2026-06-26,
"[LINS 17KM] [H-M]",2026-06-26,active,adset,"Clique de 1 dia","Visitas ao perfil do Instagram",31,1184,1.02871622,0.22612903,7.01,–,–,–,1218,5.75533662,31,0,0.22612903,2.54515599,30,2.46305419,0.23366667,,,0.29310345,0.38709677,,,,,,,,1,2026-06-26,2026-06-26,
"LINS 17 KM | H-M | 18+",2026-06-25,active,adset,"Clique de 7 dias ou visualização de 1 dia","Conversas por mensagem iniciadas",2,1965,1.44834606,18.93,37.86,–,–,–,2846,13.30288124,10,0,3.786,0.35137034,39,1.37034434,0.97076923,,,0.12579058,0.40718563,,,,,,2,2,1,2026-06-25,2026-06-25,
"Natação | Lins 17 KM | 18 + | Homens e Mulheres",2026-06-25,active,adset,"Clique de 7 dias ou visualização de 1 dia","Leads (formulário)",1,1034,1.07930368,10.87,10.87,–,–,–,1116,9.74014337,8,0,1.35875,0.71684588,12,1.07526882,0.90583333,,,0.10483871,0.28947368,,,,1,,,,0,2026-06-25,2026-06-25,
"Personal | Lins 17 KM | 18+ a 55 | Homens e Mulheres",2026-06-25,active,adset,"Clique de 7 dias ou visualização de 1 dia","Leads (formulário)",3,2455,1.43828921,17.1,51.3,–,–,–,3531,14.52846219,25,0,2.052,0.70801473,46,1.3027471,1.11521739,,,0.19994336,0.46987952,,,,3,,,,2,2026-06-25,2026-06-25,
"Hidro | WhatsApp | Lins 17 KM | 18+ | Homens e Mulheres",2026-06-25,not_delivering,adset,"Clique de 7 dias ou visualização de 1 dia","Conversas por mensagem iniciadas",1,0,0,0,0,–,–,–,0,,,0,,,0,,,,,,,,,,,,1,1,0,2026-06-25,2026-06-25,
"[LINS 17KM] [H-M]",2026-06-25,active,adset,"Clique de 1 dia","Visitas ao perfil do Instagram",33,1148,1.01916376,0.21,6.93,–,–,–,1170,5.92307692,32,0,0.2165625,2.73504274,32,2.73504274,0.2165625,1,6.93,0.29230769,0.38135593,,,,,,,1,1,2026-06-25,2026-06-25,
"Hidro | Lins 17 KM | 18 + | Homens e Mulheres",2026-06-24,inactive,adset,"Clique de 7 dias ou visualização de 1 dia",,,0,0,,0,–,–,–,0,,,0,,,0,,,,,,,,,,,,,1,0,2026-06-24,2026-06-24,
"[LINS 17KM] [H-M]",2026-06-24,active,adset,"Clique de 1 dia","Visitas ao perfil do Instagram",37,1018,1.021611,0.17702703,6.55,–,–,–,1040,6.29807692,37,0,0.17702703,3.55769231,39,3.75,0.16794872,,,0.33942308,0.31496063,,,,,,,,1,2026-06-24,2026-06-24,
"Natação | Lins 17 KM | 18 + | Homens e Mulheres",2026-06-24,not_delivering,adset,"Clique de 7 dias ou visualização de 1 dia",,,0,0,,0,–,–,–,0,,,0,,,0,,,,,,,,,,,,1,1,0,2026-06-24,2026-06-24,
"LINS 17 KM | H-M | 18+",2026-06-24,active,adset,"Clique de 7 dias ou visualização de 1 dia","Conversas por mensagem iniciadas",2,1825,1.55287671,19.81,39.62,–,–,–,2834,13.98023994,10,0,3.962,0.35285815,18,0.63514467,2.20111111,,,0,,,,,,,2,2,1,2026-06-24,2026-06-24,
"Hidro | WhatsApp | Lins 17 KM | 18+ | Homens e Mulheres",2026-06-24,not_delivering,adset,"Clique de 7 dias ou visualização de 1 dia","Conversas por mensagem iniciadas",1,0,0,0,0,–,–,–,0,,,0,,,0,,,,,,,,,,,,,1,0,2026-06-24,2026-06-24,
"Personal | Lins 17 KM | 18+ a 55 | Homens e Mulheres",2026-06-24,active,adset,"Clique de 7 dias ou visualização de 1 dia",,,2910,1.26597938,,36.26,–,–,–,3684,9.84256243,22,0,1.64818182,0.59717698,37,1.00434311,0.98,,,0.12757872,0.42690058,,,,,,,,0,2026-06-24,2026-06-24,
"Natação | Lins 17 KM | 18 + | Homens e Mulheres",2026-06-24,active,adset,"Clique de 7 dias ou visualização de 1 dia","Leads (formulário)",1,772,1.1865285,8.22,8.22,–,–,–,916,8.97379913,8,0,1.0275,0.87336245,8,0.87336245,1.0275,,,0,,,,,1,,,,0,2026-06-24,2026-06-24,
"LINS 17 KM | H-M | 18+",2026-06-23,active,adset,"Clique de 7 dias ou visualização de 1 dia","Conversas por mensagem iniciadas",3,2912,1.50927198,21.05333333,63.16,–,–,–,4395,14.370876,17,0,3.71529412,0.38680319,36,0.81911263,1.75444444,,,0,,,,,,,2,3,0,2026-06-23,2026-06-23,
"Natação | Lins 17 KM | 18 + | Homens e Mulheres",2026-06-23,active,adset,"Clique de 7 dias ou visualização de 1 dia",,,819,1.17094017,,11.06,–,–,–,959,11.53284672,9,0,1.22888889,0.93847758,10,1.04275287,1.106,,,0,,,,,,,,,0,2026-06-23,2026-06-23,
"Personal | Lins 17 KM | 18+ a 55 | Homens e Mulheres",2026-06-23,active,adset,"Clique de 7 dias ou visualização de 1 dia","Leads (formulário)",4,3947,1.31973651,11.3875,45.55,–,–,–,5209,8.74448071,38,0,1.19868421,0.72950662,58,1.11345748,0.78534483,,,0.13534268,0.41463415,,,,4,,2,3,1,2026-06-23,2026-06-23,
"[LINS 17KM] [H-M]",2026-06-23,active,adset,"Clique de 1 dia","Visitas ao perfil do Instagram",48,1143,1.02624672,0.15166667,7.28,–,–,–,1173,6.20630861,50,0,0.1456,4.2625746,50,4.2625746,0.1456,,,0.34441603,0.32903226,,,,,,,,2,2026-06-23,2026-06-23,
"Hidro | WhatsApp | Lins 17 KM | 18+ | Homens e Mulheres",2026-06-22,not_delivering,adset,"Clique de 7 dias ou visualização de 1 dia","Conversas por mensagem iniciadas",1,1370,1.47810219,26.39,26.39,–,–,–,2025,13.03209877,8,0,3.29875,0.39506173,22,1.08641975,1.19954545,,,0.05580247,0.2962963,,,,,,1,1,0,2026-06-22,2026-06-22,
"Personal | Lins 17 KM | 18 + | Homens e Mulheres",2026-06-22,not_delivering,adset,"Clique de 7 dias ou visualização de 1 dia","Leads (formulário)",2,1076,1.18959108,11.835,23.67,–,–,–,1280,18.4921875,23,0,1.02913043,1.796875,29,2.265625,0.8162069,,,0.14921875,0.32786885,,,,2,,,1,0,2026-06-22,2026-06-22,
"Natação | Lins 17 KM | 18 + | Homens e Mulheres",2026-06-22,not_delivering,adset,"Clique de 7 dias ou visualização de 1 dia",,,689,1.13642961,,6.08,–,–,–,783,7.76500639,4,0,1.52,0.51085568,5,0.6385696,1.216,,,0,,,,,,,,,1,2026-06-22,2026-06-22,
"Personal | Lins 17 KM | 18+ a 55 | Homens e Mulheres",2026-06-22,active,adset,"Clique de 7 dias ou visualização de 1 dia","Leads (formulário)",3,3422,1.25920514,9.59333333,28.78,–,–,–,4309,6.67904386,21,0,1.37047619,0.48735205,36,0.83546066,0.79944444,,,0.1480622,0.42857143,,,,3,,1,1,0,2026-06-22,2026-06-22,
"Natação | Lins 17 KM | 18 + | Homens e Mulheres",2026-06-22,active,adset,"Clique de 7 dias ou visualização de 1 dia",,,778,1.09511568,,7.53,–,–,–,852,8.83802817,3,0,2.51,0.35211268,5,0.58685446,1.506,,,0,,,,,,,,,0,2026-06-22,2026-06-22,
"LINS 17 KM | H-M | 18+",2026-06-22,active,adset,"Clique de 7 dias ou visualização de 1 dia","Conversas por mensagem iniciadas",1,1189,1.25399495,21.84,21.84,–,–,–,1491,14.64788732,6,0,3.64,0.40241449,13,0.87189805,1.68,,,0,,,,,1,,1,1,0,2026-06-22,2026-06-22,
"[LINS 17KM] [H-M]",2026-06-22,active,adset,"Clique de 1 dia","Visitas ao perfil do Instagram",47,1171,1.05123826,0.15787234,7.42,–,–,–,1231,6.02761982,50,0,0.1484,4.06173842,53,4.30544273,0.14,,,0.34281072,0.41496599,,,,,,,,2,2026-06-22,2026-06-22,
